-- MySQL dump 10.13  Distrib 8.0.29, for Linux (x86_64)
--
-- Host: localhost    Database: hmis_dev_db
-- ------------------------------------------------------
-- Server version	8.0.29-0ubuntu0.20.04.3

/*!40101 SET @OLD_CHARACTER_SET_CLIENT=@@CHARACTER_SET_CLIENT */;
/*!40101 SET @OLD_CHARACTER_SET_RESULTS=@@CHARACTER_SET_RESULTS */;
/*!40101 SET @OLD_COLLATION_CONNECTION=@@COLLATION_CONNECTION */;
/*!50503 SET NAMES utf8mb4 */;
/*!40103 SET @OLD_TIME_ZONE=@@TIME_ZONE */;
/*!40103 SET TIME_ZONE='+00:00' */;
/*!40014 SET @OLD_UNIQUE_CHECKS=@@UNIQUE_CHECKS, UNIQUE_CHECKS=0 */;
/*!40014 SET @OLD_FOREIGN_KEY_CHECKS=@@FOREIGN_KEY_CHECKS, FOREIGN_KEY_CHECKS=0 */;
/*!40101 SET @OLD_SQL_MODE=@@SQL_MODE, SQL_MODE='NO_AUTO_VALUE_ON_ZERO' */;
/*!40111 SET @OLD_SQL_NOTES=@@SQL_NOTES, SQL_NOTES=0 */;

--
-- Table structure for table `admins`
--

DROP TABLE IF EXISTS `admins`;
/*!40101 SET @saved_cs_client     = @@character_set_client */;
/*!50503 SET character_set_client = utf8mb4 */;
CREATE TABLE `admins` (
  `staff_id` int NOT NULL,
  `job_title` varchar(16) NOT NULL,
  `permissions` varchar(60) DEFAULT NULL,
  PRIMARY KEY (`staff_id`),
  KEY `permissions` (`permissions`),
  CONSTRAINT `admins_ibfk_1` FOREIGN KEY (`staff_id`) REFERENCES `staffs` (`staff_id`),
  CONSTRAINT `admins_ibfk_2` FOREIGN KEY (`permissions`) REFERENCES `permissions` (`id`)
) ENGINE=InnoDB DEFAULT CHARSET=utf8mb4 COLLATE=utf8mb4_0900_ai_ci;
/*!40101 SET character_set_client = @saved_cs_client */;

--
-- Dumping data for table `admins`
--

LOCK TABLES `admins` WRITE;
/*!40000 ALTER TABLE `admins` DISABLE KEYS */;
/*!40000 ALTER TABLE `admins` ENABLE KEYS */;
UNLOCK TABLES;

--
-- Table structure for table `consultations`
--

DROP TABLE IF EXISTS `consultations`;
/*!40101 SET @saved_cs_client     = @@character_set_client */;
/*!50503 SET character_set_client = utf8mb4 */;
CREATE TABLE `consultations` (
  `id` varchar(60) NOT NULL,
  `created_at` datetime NOT NULL DEFAULT CURRENT_TIMESTAMP,
  `updated_at` datetime NOT NULL DEFAULT CURRENT_TIMESTAMP,
  `created_by` int DEFAULT NULL,
  `pid` int NOT NULL,
  `pc` text,
  `hpc` text,
  `pohx` text,
  `pghx` text,
  `pmhx` text,
  `prov_diag` text NOT NULL,
  `plan` text,
  `doctor_name` varchar(60) DEFAULT NULL,
  `updated_by` int DEFAULT NULL,
  PRIMARY KEY (`id`),
  KEY `created_by` (`created_by`),
  KEY `pid` (`pid`),
  KEY `updated_by` (`updated_by`),
  CONSTRAINT `consultations_ibfk_1` FOREIGN KEY (`created_by`) REFERENCES `doctors` (`staff_id`) ON DELETE SET NULL,
  CONSTRAINT `consultations_ibfk_2` FOREIGN KEY (`pid`) REFERENCES `patients` (`pid`) ON DELETE CASCADE,
  CONSTRAINT `consultations_ibfk_3` FOREIGN KEY (`updated_by`) REFERENCES `staffs` (`staff_id`) ON DELETE SET NULL
) ENGINE=InnoDB DEFAULT CHARSET=utf8mb4 COLLATE=utf8mb4_0900_ai_ci;
/*!40101 SET character_set_client = @saved_cs_client */;

--
-- Dumping data for table `consultations`
--

LOCK TABLES `consultations` WRITE;
/*!40000 ALTER TABLE `consultations` DISABLE KEYS */;
INSERT INTO `consultations` VALUES ('0276070b-3388-4e99-89c8-7b56107f862e','2022-07-03 13:55:49','2022-07-03 13:55:49',5,10,'Complaint23','History23',NULL,NULL,NULL,'Disease23','Plan23','Dr Doctor5 Doctor5',NULL),('097fcf32-ef91-490b-9fe8-73b3a3fa29f0','2022-07-03 13:55:49','2022-07-03 13:55:49',5,2,'Complaint22','History22',NULL,NULL,NULL,'Disease22','Plan22','Dr Doctor5 Doctor5',NULL),('0c17df35-d8f4-4bd0-a840-7e29282943c3','2022-07-03 13:55:49','2022-07-03 13:55:49',4,35,'Complaint34','History34',NULL,NULL,NULL,'Disease34','Plan34','Dr Doctor4 Doctor4',NULL),('16726f69-1607-4905-b628-518a767eec6d','2022-07-03 13:55:49','2022-07-03 13:55:49',1,13,'Complaint47','History47',NULL,NULL,NULL,'Disease47','Plan47','Dr Doctor1 Doctor1',NULL),('1a93b01b-6235-4ee7-a553-c370a6987c44','2022-07-03 13:55:49','2022-07-03 13:55:49',10,5,'Complaint16','History16',NULL,NULL,NULL,'Disease16','Plan16','Dr Doctor10 Doctor10',NULL),('20fa271b-37ac-4dd7-bff7-c3919f76717a','2022-07-03 13:55:49','2022-07-03 13:55:49',9,23,'Complaint8','History8',NULL,NULL,NULL,'Disease8','Plan8','Dr Doctor9 Doctor9',NULL),('27be89b7-85a6-42f3-b376-46604ff8b759','2022-07-03 13:55:49','2022-07-03 13:55:49',10,48,'Complaint19','History19',NULL,NULL,NULL,'Disease19','Plan19','Dr Doctor10 Doctor10',NULL),('2df4bdf0-ae8d-49ea-8dc3-1506214a1252','2022-07-03 13:55:49','2022-07-03 13:55:49',1,3,'Complaint3','History3',NULL,NULL,NULL,'Disease3','Plan3','Dr Doctor1 Doctor1',NULL),('2f5b2ee1-8a7b-4c13-aba5-718f8ea5134a','2022-07-03 13:55:49','2022-07-03 13:55:49',1,45,'Complaint46','History46',NULL,NULL,NULL,'Disease46','Plan46','Dr Doctor1 Doctor1',NULL),('32a39c24-5c6c-4259-8260-346e1d554951','2022-07-03 13:55:49','2022-07-03 13:55:49',8,44,'Complaint13','History13',NULL,NULL,NULL,'Disease13','Plan13','Dr Doctor8 Doctor8',NULL),('3aa2f1e3-27d4-44ad-8edd-e0871f4c1190','2022-07-03 13:55:49','2022-07-03 13:55:49',4,30,'Complaint38','History38',NULL,NULL,NULL,'Disease38','Plan38','Dr Doctor4 Doctor4',NULL),('3e361d9f-51a3-4212-aa0b-d860f692f8a1','2022-07-03 13:55:49','2022-07-03 13:55:49',8,23,'Complaint9','History9',NULL,NULL,NULL,'Disease9','Plan9','Dr Doctor8 Doctor8',NULL),('44ba7001-94b8-4533-a2ab-837ac0af5c8e','2022-07-03 13:55:49','2022-07-03 13:55:49',7,4,'Complaint39','History39',NULL,NULL,NULL,'Disease39','Plan39','Dr Doctor7 Doctor7',NULL),('69b99bb3-af3e-4cb8-a46e-21976f7dc720','2022-07-03 13:55:49','2022-07-03 13:55:49',6,38,'Complaint18','History18',NULL,NULL,NULL,'Disease18','Plan18','Dr Doctor6 Doctor6',NULL),('76f6a23c-8b13-4c66-8cf2-f78f2c6dc2d2','2022-07-03 13:55:49','2022-07-03 13:55:49',8,36,'Complaint10','History10',NULL,NULL,NULL,'Disease10','Plan10','Dr Doctor8 Doctor8',NULL),('7714f697-7fbe-446b-9648-81537c4f674e','2022-07-03 13:55:49','2022-07-03 13:55:49',3,31,'Complaint4','History4',NULL,NULL,NULL,'Disease4','Plan4','Dr Doctor3 Doctor3',NULL),('7800f0bd-244a-4854-816c-4d3d2bf0331d','2022-07-03 13:55:49','2022-07-03 13:55:49',1,9,'Complaint5','History5',NULL,NULL,NULL,'Disease5','Plan5','Dr Doctor1 Doctor1',NULL),('793d953a-e149-4b56-9dfb-13718c4aa2d0','2022-07-03 13:55:49','2022-07-03 13:55:49',2,26,'Complaint36','History36',NULL,NULL,NULL,'Disease36','Plan36','Dr Doctor2 Doctor2',NULL),('7e4ba155-51a9-4b8d-b136-728150f7c272','2022-07-03 13:55:49','2022-07-03 13:55:49',4,41,'Complaint41','History41',NULL,NULL,NULL,'Disease41','Plan41','Dr Doctor4 Doctor4',NULL),('81ce6448-58c4-4e5d-aa6d-351fa5828562','2022-07-03 13:55:49','2022-07-03 13:55:49',2,25,'Complaint48','History48',NULL,NULL,NULL,'Disease48','Plan48','Dr Doctor2 Doctor2',NULL),('81cff2c5-d19c-4b37-96fc-381e05bcb384','2022-07-03 13:55:49','2022-07-03 13:55:49',7,2,'Complaint49','History49',NULL,NULL,NULL,'Disease49','Plan49','Dr Doctor7 Doctor7',NULL),('8685ae23-3c32-40da-bf71-266f21bccb28','2022-07-03 13:55:49','2022-07-03 13:55:49',1,46,'Complaint40','History40',NULL,NULL,NULL,'Disease40','Plan40','Dr Doctor1 Doctor1',NULL),('86ec14bc-357f-480d-bdb7-f45bee9d1009','2022-07-03 13:55:49','2022-07-03 13:55:49',9,40,'Complaint6','History6',NULL,NULL,NULL,'Disease6','Plan6','Dr Doctor9 Doctor9',NULL),('8a3fd792-e570-49e7-a62e-8cdd725a9f49','2022-07-03 13:55:49','2022-07-03 13:55:49',1,28,'Complaint7','History7',NULL,NULL,NULL,'Disease7','Plan7','Dr Doctor1 Doctor1',NULL),('8addb874-c8a2-4e7c-8ee9-0d2ed96191a6','2022-07-03 13:55:49','2022-07-03 13:55:49',8,27,'Complaint17','History17',NULL,NULL,NULL,'Disease17','Plan17','Dr Doctor8 Doctor8',NULL),('8fb53a9c-87c2-4bd0-88f5-7aa4585fb49e','2022-07-03 13:55:49','2022-07-03 13:55:49',5,48,'Complaint32','History32',NULL,NULL,NULL,'Disease32','Plan32','Dr Doctor5 Doctor5',NULL),('904639f2-cb0d-4dfd-b7e9-65c893ba82f0','2022-07-03 13:55:49','2022-07-03 13:55:49',7,14,'Complaint27','History27',NULL,NULL,NULL,'Disease27','Plan27','Dr Doctor7 Doctor7',NULL),('97009343-c646-4e36-a833-402898193818','2022-07-03 13:55:49','2022-07-03 13:55:49',4,31,'Complaint30','History30',NULL,NULL,NULL,'Disease30','Plan30','Dr Doctor4 Doctor4',NULL),('9725bcbc-6aef-4bdf-9066-4faf74b66de8','2022-07-03 13:55:49','2022-07-03 13:55:49',5,25,'Complaint33','History33',NULL,NULL,NULL,'Disease33','Plan33','Dr Doctor5 Doctor5',NULL),('a1136d60-f668-4df2-a81e-cf3c26e209ac','2022-07-03 13:55:49','2022-07-03 13:55:49',8,39,'Complaint1','History1',NULL,NULL,NULL,'Disease1','Plan1','Dr Doctor8 Doctor8',NULL),('a6130bc0-1cf7-4920-b579-5d81adee162c','2022-07-03 13:55:49','2022-07-03 13:55:49',6,41,'Complaint45','History45',NULL,NULL,NULL,'Disease45','Plan45','Dr Doctor6 Doctor6',NULL),('a66b1f17-00ec-4e87-8cf2-2f9b281d8934','2022-07-03 13:55:49','2022-07-03 13:55:49',10,29,'Complaint28','History28',NULL,NULL,NULL,'Disease28','Plan28','Dr Doctor10 Doctor10',NULL),('ac69f16e-3e55-4847-9967-865c9d5da330','2022-07-03 13:55:49','2022-07-03 13:55:49',6,26,'Complaint14','History14',NULL,NULL,NULL,'Disease14','Plan14','Dr Doctor6 Doctor6',NULL),('b480f1eb-a929-4c00-b4ad-52babb4268d1','2022-07-03 13:55:49','2022-07-03 13:55:49',5,35,'Complaint15','History15',NULL,NULL,NULL,'Disease15','Plan15','Dr Doctor5 Doctor5',NULL),('b82e1787-81ea-44f9-a090-3eb389ec95ee','2022-07-03 13:55:49','2022-07-03 13:55:49',9,27,'Complaint25','History25',NULL,NULL,NULL,'Disease25','Plan25','Dr Doctor9 Doctor9',NULL),('bec3fe50-e04c-452d-acfc-d5cb217a9518','2022-07-03 13:55:49','2022-07-03 13:55:49',8,41,'Complaint11','History11',NULL,NULL,NULL,'Disease11','Plan11','Dr Doctor8 Doctor8',NULL),('cb017b2a-d0bb-4e4b-9724-b18af457fa44','2022-07-03 13:55:49','2022-07-03 13:55:49',10,41,'Complaint12','History12',NULL,NULL,NULL,'Disease12','Plan12','Dr Doctor10 Doctor10',NULL),('ccf31dfe-edc5-4dc0-ac6c-b5db98aebc07','2022-07-03 13:55:49','2022-07-03 13:55:49',7,13,'Complaint26','History26',NULL,NULL,NULL,'Disease26','Plan26','Dr Doctor7 Doctor7',NULL),('d0b65973-2faf-47f2-891c-a4bc144bf16b','2022-07-03 13:55:49','2022-07-03 13:55:49',4,37,'Complaint29','History29',NULL,NULL,NULL,'Disease29','Plan29','Dr Doctor4 Doctor4',NULL),('d4a3f0c3-ff71-4061-8946-38813458fb04','2022-07-03 13:55:49','2022-07-03 13:55:49',3,33,'Complaint44','History44',NULL,NULL,NULL,'Disease44','Plan44','Dr Doctor3 Doctor3',NULL),('d5146b1a-47c0-4386-88bc-b3523fce7581','2022-07-03 13:55:49','2022-07-03 13:55:49',2,22,'Complaint37','History37',NULL,NULL,NULL,'Disease37','Plan37','Dr Doctor2 Doctor2',NULL),('d838553c-355e-45af-a656-bba84bb21506','2022-07-03 13:55:49','2022-07-03 13:55:49',1,38,'Complaint2','History2',NULL,NULL,NULL,'Disease2','Plan2','Dr Doctor1 Doctor1',NULL),('d8a68ea7-0004-44f4-8c4b-1ae0e4523328','2022-07-03 13:55:49','2022-07-03 13:55:49',3,12,'Complaint35','History35',NULL,NULL,NULL,'Disease35','Plan35','Dr Doctor3 Doctor3',NULL),('e89a8550-aae8-4247-b45a-f0675447f928','2022-07-03 13:55:49','2022-07-03 13:55:49',1,13,'Complaint42','History42',NULL,NULL,NULL,'Disease42','Plan42','Dr Doctor1 Doctor1',NULL),('eee1b364-31c1-40ac-ab19-103f64247268','2022-07-03 13:55:49','2022-07-03 13:55:49',1,33,'Complaint43','History43',NULL,NULL,NULL,'Disease43','Plan43','Dr Doctor1 Doctor1',NULL),('f297dfb4-f525-45d4-8806-22da58ccb1e6','2022-07-03 13:55:49','2022-07-03 13:55:49',4,8,'Complaint21','History21',NULL,NULL,NULL,'Disease21','Plan21','Dr Doctor4 Doctor4',NULL),('f4d5643b-30a9-40e0-814d-d437d9f8126f','2022-07-03 13:55:49','2022-07-03 13:55:49',3,12,'Complaint24','History24',NULL,NULL,NULL,'Disease24','Plan24','Dr Doctor3 Doctor3',NULL),('f76c9178-2a98-40d8-aa6c-01d5cc6ae093','2022-07-03 13:55:49','2022-07-03 13:55:49',1,3,'Complaint0','History0',NULL,NULL,NULL,'Disease0','Plan0','Dr Doctor1 Doctor1',NULL),('f80b526a-96ca-4918-9a50-e363e96f6708','2022-07-03 13:55:49','2022-07-03 13:55:49',10,20,'Complaint20','History20',NULL,NULL,NULL,'Disease20','Plan20','Dr Doctor10 Doctor10',NULL),('fc715306-8ab0-4490-a2e0-884580a2ecd7','2022-07-03 13:55:49','2022-07-03 13:55:49',1,19,'Complaint31','History31',NULL,NULL,NULL,'Disease31','Plan31','Dr Doctor1 Doctor1',NULL);
/*!40000 ALTER TABLE `consultations` ENABLE KEYS */;
UNLOCK TABLES;

--
-- Table structure for table `doctors`
--

DROP TABLE IF EXISTS `doctors`;
/*!40101 SET @saved_cs_client     = @@character_set_client */;
/*!50503 SET character_set_client = utf8mb4 */;
CREATE TABLE `doctors` (
  `staff_id` int NOT NULL,
  `job_title` varchar(16) NOT NULL,
  `permissions` varchar(60) DEFAULT NULL,
  PRIMARY KEY (`staff_id`),
  KEY `permissions` (`permissions`),
  CONSTRAINT `doctors_ibfk_1` FOREIGN KEY (`staff_id`) REFERENCES `staffs` (`staff_id`),
  CONSTRAINT `doctors_ibfk_2` FOREIGN KEY (`permissions`) REFERENCES `permissions` (`id`)
) ENGINE=InnoDB DEFAULT CHARSET=utf8mb4 COLLATE=utf8mb4_0900_ai_ci;
/*!40101 SET character_set_client = @saved_cs_client */;

--
-- Dumping data for table `doctors`
--

LOCK TABLES `doctors` WRITE;
/*!40000 ALTER TABLE `doctors` DISABLE KEYS */;
INSERT INTO `doctors` VALUES (1,'Doctor',NULL),(2,'Doctor',NULL),(3,'Doctor',NULL),(4,'Doctor',NULL),(5,'Doctor',NULL),(6,'Doctor',NULL),(7,'Doctor',NULL),(8,'Doctor',NULL),(9,'Doctor',NULL),(10,'Doctor',NULL);
/*!40000 ALTER TABLE `doctors` ENABLE KEYS */;
UNLOCK TABLES;

--
-- Table structure for table `drug_prescriptions`
--

DROP TABLE IF EXISTS `drug_prescriptions`;
/*!40101 SET @saved_cs_client     = @@character_set_client */;
/*!50503 SET character_set_client = utf8mb4 */;
CREATE TABLE `drug_prescriptions` (
  `id` varchar(60) NOT NULL,
  `created_at` datetime NOT NULL DEFAULT CURRENT_TIMESTAMP,
  `updated_at` datetime NOT NULL DEFAULT CURRENT_TIMESTAMP,
  `drug_id` varchar(60) DEFAULT NULL,
  `prescription_id` varchar(60) NOT NULL,
  `dose` varchar(16) DEFAULT NULL,
  `frequency` varchar(16) DEFAULT NULL,
  `duration` varchar(16) DEFAULT NULL,
  `route` varchar(16) DEFAULT NULL,
  `drug_name` varchar(32) DEFAULT NULL,
  `created_by` int DEFAULT NULL,
  `updated_by` int DEFAULT NULL,
  PRIMARY KEY (`id`),
  KEY `drug_id` (`drug_id`),
  KEY `prescription_id` (`prescription_id`),
  KEY `created_by` (`created_by`),
  KEY `updated_by` (`updated_by`),
  CONSTRAINT `drug_prescriptions_ibfk_1` FOREIGN KEY (`drug_id`) REFERENCES `drugs` (`id`) ON DELETE SET NULL,
  CONSTRAINT `drug_prescriptions_ibfk_2` FOREIGN KEY (`prescription_id`) REFERENCES `prescriptions` (`id`) ON DELETE CASCADE,
  CONSTRAINT `drug_prescriptions_ibfk_3` FOREIGN KEY (`created_by`) REFERENCES `staffs` (`staff_id`) ON DELETE SET NULL,
  CONSTRAINT `drug_prescriptions_ibfk_4` FOREIGN KEY (`updated_by`) REFERENCES `staffs` (`staff_id`) ON DELETE SET NULL
) ENGINE=InnoDB DEFAULT CHARSET=utf8mb4 COLLATE=utf8mb4_0900_ai_ci;
/*!40101 SET character_set_client = @saved_cs_client */;

--
-- Dumping data for table `drug_prescriptions`
--

LOCK TABLES `drug_prescriptions` WRITE;
/*!40000 ALTER TABLE `drug_prescriptions` DISABLE KEYS */;
INSERT INTO `drug_prescriptions` VALUES ('028ea6d6-a228-4470-af93-daa7d39591cc','2022-07-03 13:55:50','2022-07-03 13:55:50','65e1296e-e1ac-4281-90bd-a428ad26d899','5d5b9f89-332a-4444-95d9-c054692c3c39','230mg','qds','8 days','Oral','Drug46',NULL,NULL),('03ce8ab7-3149-40c9-9594-afff7063bcff','2022-07-03 13:55:50','2022-07-03 13:55:50','0725c9fd-cc6e-4750-a5f2-67d1faa9b753','ea3db389-4147-4f01-b721-f89f82f57abc','25mg','tds','5 days','Intramuscular','Drug5',NULL,NULL),('0458e4d9-f9be-4bb3-aed9-ebca09759e48','2022-07-03 13:55:51','2022-07-03 13:55:51','04f348fa-8eb0-45ce-a9ab-e47cd41bbe86','4bf7b3c9-88c4-4650-8216-4f4abd02db52','205mg','daily','6 days','Oral','Drug41',NULL,NULL),('059dec74-4fbc-467d-af3a-004f881426f1','2022-07-03 13:55:51','2022-07-03 13:55:51','79725daa-08b9-41a4-a601-7c866812a8be','03fe3395-4414-46eb-aa24-414b67f806a6','130mg','bd','6 days','Oral','Drug26',NULL,NULL),('05bd20df-7b06-4224-9763-8b0e083118a6','2022-07-03 13:55:50','2022-07-03 13:55:50','70e475d6-2175-40b1-8caf-8ec944971376','3c80a21c-8048-4a65-a160-c2782ef3cedd','15mg','nocte','7 days','Intravenous','Drug3',NULL,NULL),('0b0131ec-8260-4c86-8459-697c0ef1176a','2022-07-03 13:55:50','2022-07-03 13:55:50','17d629d8-9507-438a-a630-df116785f171','351a4826-4b1c-4cf1-8beb-f0369909f437','85mg','PRN','13 days','Intramuscular','Drug17',NULL,NULL),('0e2e3c93-9cdd-490e-b11d-14b9546db661','2022-07-03 13:55:50','2022-07-03 13:55:50','04f348fa-8eb0-45ce-a9ab-e47cd41bbe86','2e890aa3-3ae4-4291-ba02-421dd4dc15cb','205mg','tds','12 days','Oral','Drug41',NULL,NULL),('0e62c900-bab4-43c0-bfb8-0add5d26f8f3','2022-07-03 13:55:50','2022-07-03 13:55:50','781b825e-6cda-4894-983f-39ea19f3c635','53989e9f-51e3-4c56-a117-1f28a1b9c41d','5mg','nocte','5 days','Oral','Drug1',NULL,NULL),('0ffd70c6-790d-431b-837d-cc202896d804','2022-07-03 13:55:50','2022-07-03 13:55:50','805bef7d-bd1a-497a-b77c-0d447cdc3593','40970708-5b6e-4716-9cfb-f9d0f30d9cb9','195mg','tds','13 days','Oral','Drug39',NULL,NULL),('1138a801-ab3f-4d6c-9a43-229c43c8f3b4','2022-07-03 13:55:50','2022-07-03 13:55:50','deb41470-fb9e-498c-aa1d-0b23fc984cbb','63375235-57fd-4d87-947e-07ba4ee0e74b','80mg','PRN','5 days','Intravenous','Drug16',NULL,NULL),('140ef003-c79f-4e5e-9cf2-39adc120dc1c','2022-07-03 13:55:50','2022-07-03 13:55:50','28de9ca4-f80a-4225-b40b-5198a01876fb','406361b6-6de9-4287-ba92-2899d19d7951','120mg','bd','9 days','Intramuscular','Drug24',NULL,NULL),('148eab0b-b8fb-4b15-b1fa-c1efe7e126e1','2022-07-03 13:55:50','2022-07-03 13:55:50','deb41470-fb9e-498c-aa1d-0b23fc984cbb','c51cad19-2881-43a1-8702-82b82bf86b9e','80mg','nocte','11 days','Intravenous','Drug16',NULL,NULL),('1a86717a-c2f6-43e0-8aa0-651422e7d983','2022-07-03 13:55:51','2022-07-03 13:55:51','852cf58f-f079-4974-af95-edfcb4e4b6af','83a42f1c-b867-4c42-84da-bd0da8ea70ba','155mg','nocte','13 days','Intravenous','Drug31',NULL,NULL),('1c5a2eab-08a0-4218-926f-c0bb91ce1b71','2022-07-03 13:55:50','2022-07-03 13:55:50','6fbece77-73d5-4409-9dde-f5dc3cfc5f21','af6f6b62-a51f-4514-8130-fb6fd25dcee8','115mg','qds','7 days','Oral','Drug23',NULL,NULL),('200dbcdb-7a2d-4e9c-ad94-2fe228f9fd79','2022-07-03 13:55:51','2022-07-03 13:55:51','fd797ea3-7c0b-4a4c-b79a-e1994e63d129','4bf7b3c9-88c4-4650-8216-4f4abd02db52','245mg','PRN','8 days','Oral','Drug49',NULL,NULL),('26dba600-0a0f-46c3-8ab2-1d935d71995a','2022-07-03 13:55:50','2022-07-03 13:55:50','bd2d5b09-1811-42f3-9e1f-878afa211655','1e0584ea-ac47-44f7-86a3-295e3858b4c6','100mg','nocte','11 days','Intramuscular','Drug20',NULL,NULL),('2dfa4e81-e9fb-4334-87e2-4c5e4acac241','2022-07-03 13:55:50','2022-07-03 13:55:50','58009e07-4280-40f7-8cac-ddccb0f425f7','b7f80e1a-3816-4d23-8173-90b4753c33b9','20mg','nocte','14 days','Intravenous','Drug4',NULL,NULL),('2edfd463-85ff-4634-bcc6-b9c82f186b68','2022-07-03 13:55:51','2022-07-03 13:55:51','cafd63b1-3d24-4621-aeec-559f0f8eaadf','730e52e1-9a09-4649-a359-171819276267','185mg','tds','11 days','Oral','Drug37',NULL,NULL),('2f1dcff3-9bfc-4d24-a664-a12ed231eb8e','2022-07-03 13:55:50','2022-07-03 13:55:50','8c1ecc6a-0b59-418e-8286-1f597276f269','1ab012bb-31df-4e82-a3c3-2dd551211256','50mg','daily','12 days','Oral','Drug10',NULL,NULL),('3179f160-d1f6-4d05-8b83-afbb65abbecb','2022-07-03 13:55:50','2022-07-03 13:55:50','d433ceb6-f11b-4566-bbac-e3bb67be4e9e','8675ca68-137a-4af9-927c-7e06b21e6e9a','140mg','PRN','8 days','Oral','Drug28',NULL,NULL),('31b3dc36-6ea2-450b-8a07-3ea88e518921','2022-07-03 13:55:50','2022-07-03 13:55:50','852cf58f-f079-4974-af95-edfcb4e4b6af','86935f01-f336-41fa-b35d-e0e39c728759','155mg','nocte','11 days','Intravenous','Drug31',NULL,NULL),('343bb3c3-7519-4b0c-9faf-fe3d5ef005cf','2022-07-03 13:55:50','2022-07-03 13:55:50','65e1296e-e1ac-4281-90bd-a428ad26d899','af6f6b62-a51f-4514-8130-fb6fd25dcee8','230mg','nocte','10 days','Oral','Drug46',NULL,NULL),('34ad8e48-f74a-4ccb-b1ce-4defdcd7aeab','2022-07-03 13:55:50','2022-07-03 13:55:50','1cd81408-0294-4275-8dfa-3c305ceec236','a50577f9-6d30-4504-9d09-c33c14a7b8be','60mg','PRN','13 days','Oral','Drug12',NULL,NULL),('369fd1ef-546d-4538-b261-7f870643ca95','2022-07-03 13:55:50','2022-07-03 13:55:50','79725daa-08b9-41a4-a601-7c866812a8be','c51f9f7c-068b-4dce-b299-1806dd776aa8','130mg','bd','5 days','Oral','Drug26',NULL,NULL),('3d39e55a-8265-4a43-8f6a-eb965715a0cb','2022-07-03 13:55:50','2022-07-03 13:55:50','bd2d5b09-1811-42f3-9e1f-878afa211655','8675ca68-137a-4af9-927c-7e06b21e6e9a','100mg','PRN','7 days','Intramuscular','Drug20',NULL,NULL),('3fdeabb1-85f7-4bb4-9118-a5d90ac50e0e','2022-07-03 13:55:51','2022-07-03 13:55:51','28de9ca4-f80a-4225-b40b-5198a01876fb','6161b4c2-7dd7-43fc-b166-041db2a7f5b4','120mg','nocte','14 days','Intramuscular','Drug24',NULL,NULL),('42e771e1-16ba-49d9-928e-78531aaca834','2022-07-03 13:55:50','2022-07-03 13:55:50','44b3e371-20d6-4402-9bd3-57e61d3c518f','b7f80e1a-3816-4d23-8173-90b4753c33b9','35mg','bd','8 days','Oral','Drug7',NULL,NULL),('46f7ccc5-4657-4f72-8905-82b613dc2257','2022-07-03 13:55:50','2022-07-03 13:55:50','729b707a-b16e-4032-8396-2ac313afa4bc','cdabeb64-8a1a-4ae7-93d3-11c89dbd140c','235mg','nocte','13 days','Oral','Drug47',NULL,NULL),('48504a8b-c6ad-4530-8a8a-6dec7e753298','2022-07-03 13:55:50','2022-07-03 13:55:50','49c12ab4-6a50-40e0-a9e5-485bfc809303','db20219a-3cc9-4645-b182-0714019dd8c0','170mg','PRN','11 days','Oral','Drug34',NULL,NULL),('4a8cbf17-3f07-4fd2-a987-9fe92e794fed','2022-07-03 13:55:50','2022-07-03 13:55:50','6fbece77-73d5-4409-9dde-f5dc3cfc5f21','560a2f5a-65d2-4931-9e7d-46edb5381537','115mg','nocte','12 days','Oral','Drug23',NULL,NULL),('4f761fa0-96c0-4a7b-8752-291bfd183ebf','2022-07-03 13:55:50','2022-07-03 13:55:50','693a11e4-a7ec-443d-9a33-36cab3346462','fb2cd508-a08c-4fab-8320-edf4cfe50718','215mg','bd','5 days','Intravenous','Drug43',NULL,NULL),('5581c5f9-d9d9-48e3-9256-542c3ac187dd','2022-07-03 13:55:50','2022-07-03 13:55:50','2f869d70-a231-4803-84f0-636dfcb991a3','2f7c9618-423f-457c-ae8b-d1d094025c04','10mg','tds','14 days','Oral','Drug2',NULL,NULL),('57b4796b-1538-4a28-a329-453a8d777d8a','2022-07-03 13:55:50','2022-07-03 13:55:50','805bef7d-bd1a-497a-b77c-0d447cdc3593','c51cad19-2881-43a1-8702-82b82bf86b9e','195mg','PRN','14 days','Oral','Drug39',NULL,NULL),('59df4dcd-1cad-448c-82de-46a9b8e7263d','2022-07-03 13:55:50','2022-07-03 13:55:50','2f869d70-a231-4803-84f0-636dfcb991a3','997c47b6-0df2-4816-b1b0-7184a5b215f2','10mg','nocte','5 days','Oral','Drug2',NULL,NULL),('5a70ad02-3271-4df9-87d8-b1b7b02ccdf6','2022-07-03 13:55:51','2022-07-03 13:55:51','98ad7f5f-994c-45d7-932a-16a3dcc6b00e','b794955c-3b47-453d-b6c5-1a550bf5b8dc','200mg','bd','13 days','Intravenous','Drug40',NULL,NULL),('5d93599a-6307-43df-9821-98dd91b2a239','2022-07-03 13:55:50','2022-07-03 13:55:50','2f869d70-a231-4803-84f0-636dfcb991a3','997c47b6-0df2-4816-b1b0-7184a5b215f2','10mg','tds','9 days','Oral','Drug2',NULL,NULL),('5ead7d16-ff4c-4f94-ad3a-aff2279b3b2d','2022-07-03 13:55:51','2022-07-03 13:55:51','f2cced6d-6952-4209-bb86-c7964c9184e2','730e52e1-9a09-4649-a359-171819276267','190mg','tds','8 days','Intramuscular','Drug38',NULL,NULL),('612f9ab6-9bea-43d3-98f4-dfde548d68e9','2022-07-03 13:55:50','2022-07-03 13:55:50','70e475d6-2175-40b1-8caf-8ec944971376','932fc4c9-4955-409c-9994-ce3ebfa1fe2b','15mg','daily','9 days','Intravenous','Drug3',NULL,NULL),('65dfd66e-b50d-46c1-bb1c-b398014a52c1','2022-07-03 13:55:50','2022-07-03 13:55:50','4f297c04-0b2d-4833-b230-29c34fc6d82d','de3f276a-4069-4e55-a397-702d1df4ece1','165mg','bd','11 days','Oral','Drug33',NULL,NULL),('660e5ac5-f4aa-445c-915d-58506c8fdc44','2022-07-03 13:55:51','2022-07-03 13:55:51','33904088-b74a-459a-8bc2-45455a5c8338','7adccc98-33b8-4c38-98ce-086893a6cd42','40mg','daily','5 days','Intramuscular','Drug8',NULL,NULL),('68f178ea-0a6e-45fd-a843-a72254e27452','2022-07-03 13:55:50','2022-07-03 13:55:50','49c12ab4-6a50-40e0-a9e5-485bfc809303','40970708-5b6e-4716-9cfb-f9d0f30d9cb9','170mg','bd','11 days','Oral','Drug34',NULL,NULL),('69563a2a-a888-4944-8d5e-fbea42af52dc','2022-07-03 13:55:50','2022-07-03 13:55:50','e11d407c-37f2-4faa-b082-b326851da346','a50577f9-6d30-4504-9d09-c33c14a7b8be','125mg','PRN','9 days','Intramuscular','Drug25',NULL,NULL),('6af34b3b-3b3a-4c7c-8043-8527298912df','2022-07-03 13:55:50','2022-07-03 13:55:50','98ad7f5f-994c-45d7-932a-16a3dcc6b00e','2e890aa3-3ae4-4291-ba02-421dd4dc15cb','200mg','tds','11 days','Intravenous','Drug40',NULL,NULL),('6e2fcefb-49d3-4bb0-be3e-24a06417f4f0','2022-07-03 13:55:51','2022-07-03 13:55:51','cafd63b1-3d24-4621-aeec-559f0f8eaadf','03fe3395-4414-46eb-aa24-414b67f806a6','185mg','qds','9 days','Oral','Drug37',NULL,NULL),('70092a0a-eeba-4961-b783-ba550ebd84a3','2022-07-03 13:55:50','2022-07-03 13:55:50','805bef7d-bd1a-497a-b77c-0d447cdc3593','db20219a-3cc9-4645-b182-0714019dd8c0','195mg','daily','5 days','Oral','Drug39',NULL,NULL),('71860fd5-f4bc-44fc-b12d-1cf8929ceeb6','2022-07-03 13:55:50','2022-07-03 13:55:50','65e1296e-e1ac-4281-90bd-a428ad26d899','a4c6285c-61d5-45e0-a566-51b63d32ba82','230mg','bd','7 days','Oral','Drug46',NULL,NULL),('71cc9836-36c7-4454-add7-0c765147774f','2022-07-03 13:55:50','2022-07-03 13:55:50','f2cced6d-6952-4209-bb86-c7964c9184e2','de3f276a-4069-4e55-a397-702d1df4ece1','190mg','daily','7 days','Intramuscular','Drug38',NULL,NULL),('7222888d-cc30-4639-9aae-7dcf211f505a','2022-07-03 13:55:50','2022-07-03 13:55:50','dcf3924c-af13-465c-ac9a-3ad1a46e8ec5','5d5b9f89-332a-4444-95d9-c054692c3c39','180mg','qds','13 days','Intramuscular','Drug36',NULL,NULL),('72263778-3536-4b39-9371-400cd4d56966','2022-07-03 13:55:50','2022-07-03 13:55:50','17d629d8-9507-438a-a630-df116785f171','86935f01-f336-41fa-b35d-e0e39c728759','85mg','tds','7 days','Intramuscular','Drug17',NULL,NULL),('724b9054-adb9-4a4d-a8e5-8d6d7a07a096','2022-07-03 13:55:51','2022-07-03 13:55:51','deb41470-fb9e-498c-aa1d-0b23fc984cbb','e40ffdb8-4138-44ad-b6be-8ce6e54159dc','80mg','daily','13 days','Intravenous','Drug16',NULL,NULL),('7535058d-047b-4927-b812-714bbe55da9f','2022-07-03 13:55:50','2022-07-03 13:55:50','bd2d5b09-1811-42f3-9e1f-878afa211655','fb2cd508-a08c-4fab-8320-edf4cfe50718','100mg','daily','7 days','Intramuscular','Drug20',NULL,NULL),('7baa56a5-5a8c-48a2-a3fc-33ec5960cd0b','2022-07-03 13:55:50','2022-07-03 13:55:50','805bef7d-bd1a-497a-b77c-0d447cdc3593','fdc120c7-cb00-44aa-8376-a64ac5dcaaaa','195mg','qds','6 days','Oral','Drug39',NULL,NULL),('82399ee4-d228-490c-b67a-38a1ecaf246f','2022-07-03 13:55:50','2022-07-03 13:55:50','232e9eae-8431-451e-b1a6-29d7b2793e0d','351a4826-4b1c-4cf1-8beb-f0369909f437','175mg','bd','7 days','Intravenous','Drug35',NULL,NULL),('83fb5f36-9429-4b9d-b4e1-4bd92ab0cf29','2022-07-03 13:55:50','2022-07-03 13:55:50','bd2d5b09-1811-42f3-9e1f-878afa211655','c51f9f7c-068b-4dce-b299-1806dd776aa8','100mg','bd','7 days','Intramuscular','Drug20',NULL,NULL),('858195b5-f3c6-4d69-8144-3ec3d1159e7e','2022-07-03 13:55:50','2022-07-03 13:55:50','232e9eae-8431-451e-b1a6-29d7b2793e0d','fed4c6c6-72e5-410e-9435-a9d11acd7571','175mg','tds','8 days','Intravenous','Drug35',NULL,NULL),('8d93c03c-878d-4f16-b209-1715e7610eb1','2022-07-03 13:55:50','2022-07-03 13:55:50','17d629d8-9507-438a-a630-df116785f171','53989e9f-51e3-4c56-a117-1f28a1b9c41d','85mg','tds','14 days','Intramuscular','Drug17',NULL,NULL),('8e9efae3-b261-4de3-bcdd-2de3f8fdf8f0','2022-07-03 13:55:51','2022-07-03 13:55:51','693a11e4-a7ec-443d-9a33-36cab3346462','91e980d5-038c-472a-9ee5-fed66317ebe0','215mg','nocte','11 days','Intravenous','Drug43',NULL,NULL),('8f0b39ae-f114-4f05-a734-02aafa8dea65','2022-07-03 13:55:50','2022-07-03 13:55:50','8c1ecc6a-0b59-418e-8286-1f597276f269','d5231fff-7f8f-4dce-8dd8-4a2fe49e8adf','50mg','qds','7 days','Oral','Drug10',NULL,NULL),('8f14af42-09df-4384-942a-d12d6549cc28','2022-07-03 13:55:50','2022-07-03 13:55:50','04f348fa-8eb0-45ce-a9ab-e47cd41bbe86','406361b6-6de9-4287-ba92-2899d19d7951','205mg','daily','12 days','Oral','Drug41',NULL,NULL),('93266d21-dfaf-48bc-b9b2-7bd7ba335dfc','2022-07-03 13:55:50','2022-07-03 13:55:50','fd797ea3-7c0b-4a4c-b79a-e1994e63d129','932fc4c9-4955-409c-9994-ce3ebfa1fe2b','245mg','qds','8 days','Oral','Drug49',NULL,NULL),('96cab0a3-9b93-4ddc-9d03-4dc0ae938542','2022-07-03 13:55:51','2022-07-03 13:55:51','bd2d5b09-1811-42f3-9e1f-878afa211655','b794955c-3b47-453d-b6c5-1a550bf5b8dc','100mg','nocte','13 days','Intramuscular','Drug20',NULL,NULL),('972375eb-6b9f-407f-9046-c2a00a613583','2022-07-03 13:55:50','2022-07-03 13:55:50','41199737-6696-497d-8486-dd0638712b51','ea3db389-4147-4f01-b721-f89f82f57abc','70mg','qds','13 days','Oral','Drug14',NULL,NULL),('980bd30d-800c-402c-9b7a-a785bd977148','2022-07-03 13:55:50','2022-07-03 13:55:50','2fd0a124-482b-4c85-9166-9fda60eb88b5','fdc120c7-cb00-44aa-8376-a64ac5dcaaaa','135mg','nocte','9 days','Oral','Drug27',NULL,NULL),('984169ae-0806-4065-b261-82323c4accc9','2022-07-03 13:55:50','2022-07-03 13:55:50','88d23102-0b9c-409c-b06e-5ddf26cfa443','7a31a34d-9ab6-4677-95bc-07250adcb34f','145mg','nocte','5 days','Intravenous','Drug29',NULL,NULL),('9da8eb20-35a4-4d6e-bd37-a44e08dbb5dd','2022-07-03 13:55:50','2022-07-03 13:55:50','3e53bb80-b15f-46b0-950e-3c20c8355be7','6bd86bde-6537-4076-8a8a-066936252f03','30mg','nocte','12 days','Intravenous','Drug6',NULL,NULL),('9deeb743-e464-48f8-be72-82a2ae781b5b','2022-07-03 13:55:50','2022-07-03 13:55:50','4f297c04-0b2d-4833-b230-29c34fc6d82d','3c80a21c-8048-4a65-a160-c2782ef3cedd','165mg','tds','14 days','Oral','Drug33',NULL,NULL),('a34ea8bd-3d0d-4967-b89d-69eeeb9cacc3','2022-07-03 13:55:51','2022-07-03 13:55:51','729b707a-b16e-4032-8396-2ac313afa4bc','83a42f1c-b867-4c42-84da-bd0da8ea70ba','235mg','bd','9 days','Oral','Drug47',NULL,NULL),('a5730622-89c1-457f-b540-c65e9f1a9eae','2022-07-03 13:55:50','2022-07-03 13:55:50','dcf3924c-af13-465c-ac9a-3ad1a46e8ec5','6bd86bde-6537-4076-8a8a-066936252f03','180mg','qds','13 days','Intramuscular','Drug36',NULL,NULL),('a6f8b5c9-90ec-495e-a1a8-1e2d30fd9d2a','2022-07-03 13:55:50','2022-07-03 13:55:50','fa0d60a0-8321-408a-a3f9-bbedaa8f081e','7a31a34d-9ab6-4677-95bc-07250adcb34f','225mg','nocte','13 days','Intravenous','Drug45',NULL,NULL),('a78fb7b7-0ae8-4648-9f0d-89607b6fe0dd','2022-07-03 13:55:50','2022-07-03 13:55:50','04f348fa-8eb0-45ce-a9ab-e47cd41bbe86','a4c6285c-61d5-45e0-a566-51b63d32ba82','205mg','daily','8 days','Oral','Drug41',NULL,NULL),('a91dff21-63b3-46c4-99fc-9303f121bf1e','2022-07-03 13:55:51','2022-07-03 13:55:51','cafd63b1-3d24-4621-aeec-559f0f8eaadf','7adccc98-33b8-4c38-98ce-086893a6cd42','185mg','qds','9 days','Oral','Drug37',NULL,NULL),('ac5f3df9-e841-48f4-9649-5ed7cfef9125','2022-07-03 13:55:51','2022-07-03 13:55:51','8c1ecc6a-0b59-418e-8286-1f597276f269','4e8828a8-d5c8-4c9a-b73f-b9027cb18503','50mg','daily','5 days','Oral','Drug10',NULL,NULL),('b2aef7b3-081f-4067-875d-045db79065b9','2022-07-03 13:55:50','2022-07-03 13:55:50','41199737-6696-497d-8486-dd0638712b51','ada915c6-9fc5-430c-bb86-ce6dceaa4aaf','70mg','qds','14 days','Oral','Drug14',NULL,NULL),('b2f8dd25-20d9-4b6c-bb78-5cde01dde154','2022-07-03 13:55:50','2022-07-03 13:55:50','cafd63b1-3d24-4621-aeec-559f0f8eaadf','560a2f5a-65d2-4931-9e7d-46edb5381537','185mg','bd','8 days','Oral','Drug37',NULL,NULL),('b5d2354c-d9ed-4b03-98f0-5d3df4d191b8','2022-07-03 13:55:50','2022-07-03 13:55:50','de7e26df-0785-4f82-81a3-52051f30a1ad','e588cf96-a924-404f-ab6e-1e02d87c1cad','55mg','nocte','12 days','Intramuscular','Drug11',NULL,NULL),('b7d30baa-3ee8-4445-98c6-51b80a4cc68b','2022-07-03 13:55:50','2022-07-03 13:55:50','693a11e4-a7ec-443d-9a33-36cab3346462','2f7c9618-423f-457c-ae8b-d1d094025c04','215mg','bd','6 days','Intravenous','Drug43',NULL,NULL),('b984e1f4-acbe-4e47-947a-3840aa4b9ff4','2022-07-03 13:55:50','2022-07-03 13:55:50','41199737-6696-497d-8486-dd0638712b51','d7e3e12c-80ea-47ca-8fba-fc97e13a1460','70mg','PRN','7 days','Oral','Drug14',NULL,NULL),('bdf27009-5803-4d72-88b9-69bdfa2f870e','2022-07-03 13:55:50','2022-07-03 13:55:50','65e1296e-e1ac-4281-90bd-a428ad26d899','f3e2c78a-ca60-4a91-a228-af2d188c3c59','230mg','bd','5 days','Oral','Drug46',NULL,NULL),('bf93334d-db87-48b7-a371-a426f7b5198c','2022-07-03 13:55:50','2022-07-03 13:55:50','0725c9fd-cc6e-4750-a5f2-67d1faa9b753','cdabeb64-8a1a-4ae7-93d3-11c89dbd140c','25mg','nocte','12 days','Intramuscular','Drug5',NULL,NULL),('bfb5b1b8-7f5a-48c4-a9fb-c9e16c74ddbb','2022-07-03 13:55:50','2022-07-03 13:55:50','44b3e371-20d6-4402-9bd3-57e61d3c518f','e32697a6-1b98-40ac-9cc5-f37ddef8aeec','35mg','nocte','8 days','Oral','Drug7',NULL,NULL),('c009b881-fd18-4c51-b5f3-7ade4d1719d9','2022-07-03 13:55:50','2022-07-03 13:55:50','3e53bb80-b15f-46b0-950e-3c20c8355be7','cd631c45-7fe7-46c2-a3d5-9c63c54e30c9','30mg','bd','14 days','Intravenous','Drug6',NULL,NULL),('c2475470-8086-440b-b976-f1a9b5c4af2b','2022-07-03 13:55:50','2022-07-03 13:55:50','44b3e371-20d6-4402-9bd3-57e61d3c518f','1ab012bb-31df-4e82-a3c3-2dd551211256','35mg','bd','10 days','Oral','Drug7',NULL,NULL),('c2ceae6d-9cb3-401c-8769-7c0bb0375a06','2022-07-03 13:55:51','2022-07-03 13:55:51','fd797ea3-7c0b-4a4c-b79a-e1994e63d129','e40ffdb8-4138-44ad-b6be-8ce6e54159dc','245mg','tds','13 days','Oral','Drug49',NULL,NULL),('ca83e7dc-906c-47b3-9132-e68a04315ff1','2022-07-03 13:55:51','2022-07-03 13:55:51','781b825e-6cda-4894-983f-39ea19f3c635','967a7492-4a2e-490f-8f00-8a2b09294ee7','5mg','qds','12 days','Oral','Drug1',NULL,NULL),('cb0722a3-57fd-44e6-870f-58b529c22749','2022-07-03 13:55:50','2022-07-03 13:55:50','8c1ecc6a-0b59-418e-8286-1f597276f269','d7e3e12c-80ea-47ca-8fba-fc97e13a1460','50mg','nocte','10 days','Oral','Drug10',NULL,NULL),('cea704b6-0808-4ae2-9094-3fa154b72d24','2022-07-03 13:55:50','2022-07-03 13:55:50','981fccd8-17f7-4d49-ba87-0bf283408454','a94b8bf8-5788-48a8-b426-daa71fff25a6','0mg','nocte','10 days','Intramuscular','Drug0',NULL,NULL),('d72bf29d-46f7-4cc6-b205-b7c412c14746','2022-07-03 13:55:50','2022-07-03 13:55:50','f2cced6d-6952-4209-bb86-c7964c9184e2','e32697a6-1b98-40ac-9cc5-f37ddef8aeec','190mg','tds','11 days','Intramuscular','Drug38',NULL,NULL),('dd8d1c01-4d84-4080-ad68-033cae1420d8','2022-07-03 13:55:50','2022-07-03 13:55:50','f8e4a96e-79f2-41a6-8858-3018a0690343','fed4c6c6-72e5-410e-9435-a9d11acd7571','65mg','PRN','5 days','Oral','Drug13',NULL,NULL),('e0490449-2138-41be-8af7-793a7a10238c','2022-07-03 13:55:50','2022-07-03 13:55:50','49c12ab4-6a50-40e0-a9e5-485bfc809303','e588cf96-a924-404f-ab6e-1e02d87c1cad','170mg','qds','5 days','Oral','Drug34',NULL,NULL),('e3322e3c-b135-4b83-8764-517f00392e11','2022-07-03 13:55:50','2022-07-03 13:55:50','a79bd99b-58ef-41d7-9d1c-be3e2987fa03','d5231fff-7f8f-4dce-8dd8-4a2fe49e8adf','45mg','nocte','8 days','Intramuscular','Drug9',NULL,NULL),('e37890f8-5f95-42da-9b3d-22e3768cb679','2022-07-03 13:55:51','2022-07-03 13:55:51','285abd0d-abd5-4a56-8c7e-4ae68018e39f','967a7492-4a2e-490f-8f00-8a2b09294ee7','105mg','tds','10 days','Intravenous','Drug21',NULL,NULL),('e64417c5-30ee-4165-bc46-e78ffea1dc98','2022-07-03 13:55:50','2022-07-03 13:55:50','e11d407c-37f2-4faa-b082-b326851da346','ada915c6-9fc5-430c-bb86-ce6dceaa4aaf','125mg','nocte','11 days','Intramuscular','Drug25',NULL,NULL),('e8394458-a475-4fab-86e2-59430c3bd960','2022-07-03 13:55:51','2022-07-03 13:55:51','f8e4a96e-79f2-41a6-8858-3018a0690343','6161b4c2-7dd7-43fc-b166-041db2a7f5b4','65mg','bd','7 days','Oral','Drug13',NULL,NULL),('edeaaf58-d51f-44f2-a52c-d6a0461a5c9e','2022-07-03 13:55:51','2022-07-03 13:55:51','726bae75-55ee-494a-b0be-26d5ad753a3f','91e980d5-038c-472a-9ee5-fed66317ebe0','95mg','tds','11 days','Oral','Drug19',NULL,NULL),('ee2ef4a1-a87f-498d-929b-f82bcb49c61f','2022-07-03 13:55:51','2022-07-03 13:55:51','0725c9fd-cc6e-4750-a5f2-67d1faa9b753','4e8828a8-d5c8-4c9a-b73f-b9027cb18503','25mg','PRN','12 days','Intramuscular','Drug5',NULL,NULL),('f2883014-f3ec-457f-bdae-d17a92d07965','2022-07-03 13:55:50','2022-07-03 13:55:50','693a11e4-a7ec-443d-9a33-36cab3346462','cd631c45-7fe7-46c2-a3d5-9c63c54e30c9','215mg','qds','8 days','Intravenous','Drug43',NULL,NULL),('f89a11ec-b4ff-4a8e-b604-79d94abc02b8','2022-07-03 13:55:50','2022-07-03 13:55:50','cafd63b1-3d24-4621-aeec-559f0f8eaadf','a94b8bf8-5788-48a8-b426-daa71fff25a6','185mg','nocte','12 days','Oral','Drug37',NULL,NULL),('f94de730-670d-4081-b5f4-c4d0d98b82ac','2022-07-03 13:55:50','2022-07-03 13:55:50','781b825e-6cda-4894-983f-39ea19f3c635','63375235-57fd-4d87-947e-07ba4ee0e74b','5mg','tds','11 days','Oral','Drug1',NULL,NULL),('f951266d-0221-4538-9e8b-a12bdfab857d','2022-07-03 13:55:50','2022-07-03 13:55:50','f8e4a96e-79f2-41a6-8858-3018a0690343','1e0584ea-ac47-44f7-86a3-295e3858b4c6','65mg','bd','12 days','Oral','Drug13',NULL,NULL),('f9c599c7-69c9-4d12-b44b-746c5b24b0ca','2022-07-03 13:55:50','2022-07-03 13:55:50','4f297c04-0b2d-4833-b230-29c34fc6d82d','f3e2c78a-ca60-4a91-a228-af2d188c3c59','165mg','bd','11 days','Oral','Drug33',NULL,NULL);
/*!40000 ALTER TABLE `drug_prescriptions` ENABLE KEYS */;
UNLOCK TABLES;

--
-- Table structure for table `drugs`
--

DROP TABLE IF EXISTS `drugs`;
/*!40101 SET @saved_cs_client     = @@character_set_client */;
/*!50503 SET character_set_client = utf8mb4 */;
CREATE TABLE `drugs` (
  `id` varchar(60) NOT NULL,
  `created_at` datetime NOT NULL DEFAULT CURRENT_TIMESTAMP,
  `updated_at` datetime NOT NULL DEFAULT CURRENT_TIMESTAMP,
  `created_by` int DEFAULT NULL,
  `name` varchar(60) DEFAULT NULL,
  `dose` varchar(60) DEFAULT NULL,
  `route` varchar(16) DEFAULT NULL,
  `brand` varchar(60) DEFAULT NULL,
  `formulation` varchar(60) DEFAULT NULL,
  `expiry_date` datetime DEFAULT NULL,
  `stock_date` datetime DEFAULT NULL,
  `pharmacist` varchar(60) DEFAULT NULL,
  `updated_by` int DEFAULT NULL,
  PRIMARY KEY (`id`),
  KEY `created_by` (`created_by`),
  KEY `updated_by` (`updated_by`),
  CONSTRAINT `drugs_ibfk_1` FOREIGN KEY (`created_by`) REFERENCES `pharmacists` (`staff_id`) ON DELETE SET NULL,
  CONSTRAINT `drugs_ibfk_2` FOREIGN KEY (`updated_by`) REFERENCES `staffs` (`staff_id`) ON DELETE SET NULL
) ENGINE=InnoDB DEFAULT CHARSET=utf8mb4 COLLATE=utf8mb4_0900_ai_ci;
/*!40101 SET character_set_client = @saved_cs_client */;

--
-- Dumping data for table `drugs`
--

LOCK TABLES `drugs` WRITE;
/*!40000 ALTER TABLE `drugs` DISABLE KEYS */;
INSERT INTO `drugs` VALUES ('04f348fa-8eb0-45ce-a9ab-e47cd41bbe86','2022-07-03 13:55:50','2022-07-03 13:55:50',28,'Drug41','205mg','Oral','Brand41',NULL,'2023-07-23 13:55:50','2022-07-03 13:55:50','Pharmacist8 Pharmacist8',NULL),('0725c9fd-cc6e-4750-a5f2-67d1faa9b753','2022-07-03 13:55:49','2022-07-03 13:55:49',23,'Drug5','25mg','Intramuscular','Brand5',NULL,'2023-07-23 13:55:50','2022-07-03 13:55:50','Pharmacist3 Pharmacist3',NULL),('0882af26-c244-426c-9e22-55e0177644a3','2022-07-03 13:55:50','2022-07-03 13:55:50',27,'Drug18','90mg','Intramuscular','Brand18',NULL,'2023-07-23 13:55:50','2022-07-03 13:55:50','Pharmacist7 Pharmacist7',NULL),('17d629d8-9507-438a-a630-df116785f171','2022-07-03 13:55:50','2022-07-03 13:55:50',30,'Drug17','85mg','Intramuscular','Brand17',NULL,'2023-07-23 13:55:50','2022-07-03 13:55:50','Pharmacist10 Pharmacist10',NULL),('1cd81408-0294-4275-8dfa-3c305ceec236','2022-07-03 13:55:50','2022-07-03 13:55:50',24,'Drug12','60mg','Oral','Brand12',NULL,'2023-07-23 13:55:50','2022-07-03 13:55:50','Pharmacist4 Pharmacist4',NULL),('232e9eae-8431-451e-b1a6-29d7b2793e0d','2022-07-03 13:55:50','2022-07-03 13:55:50',29,'Drug35','175mg','Intravenous','Brand35',NULL,'2023-07-23 13:55:50','2022-07-03 13:55:50','Pharmacist9 Pharmacist9',NULL),('23cfe984-9495-4a8e-9ab2-3c7665512ccb','2022-07-03 13:55:50','2022-07-03 13:55:50',28,'Drug15','75mg','Intramuscular','Brand15',NULL,'2023-07-23 13:55:50','2022-07-03 13:55:50','Pharmacist8 Pharmacist8',NULL),('285abd0d-abd5-4a56-8c7e-4ae68018e39f','2022-07-03 13:55:50','2022-07-03 13:55:50',22,'Drug21','105mg','Intravenous','Brand21',NULL,'2023-07-23 13:55:50','2022-07-03 13:55:50','Pharmacist2 Pharmacist2',NULL),('28de9ca4-f80a-4225-b40b-5198a01876fb','2022-07-03 13:55:50','2022-07-03 13:55:50',26,'Drug24','120mg','Intramuscular','Brand24',NULL,'2023-07-23 13:55:50','2022-07-03 13:55:50','Pharmacist6 Pharmacist6',NULL),('2f869d70-a231-4803-84f0-636dfcb991a3','2022-07-03 13:55:49','2022-07-03 13:55:49',22,'Drug2','10mg','Oral','Brand2',NULL,'2023-07-23 13:55:50','2022-07-03 13:55:50','Pharmacist2 Pharmacist2',NULL),('2fd0a124-482b-4c85-9166-9fda60eb88b5','2022-07-03 13:55:50','2022-07-03 13:55:50',29,'Drug27','135mg','Oral','Brand27',NULL,'2023-07-23 13:55:50','2022-07-03 13:55:50','Pharmacist9 Pharmacist9',NULL),('33904088-b74a-459a-8bc2-45455a5c8338','2022-07-03 13:55:50','2022-07-03 13:55:50',29,'Drug8','40mg','Intramuscular','Brand8',NULL,'2023-07-23 13:55:50','2022-07-03 13:55:50','Pharmacist9 Pharmacist9',NULL),('3e53bb80-b15f-46b0-950e-3c20c8355be7','2022-07-03 13:55:50','2022-07-03 13:55:50',23,'Drug6','30mg','Intravenous','Brand6',NULL,'2023-07-23 13:55:50','2022-07-03 13:55:50','Pharmacist3 Pharmacist3',NULL),('41199737-6696-497d-8486-dd0638712b51','2022-07-03 13:55:50','2022-07-03 13:55:50',30,'Drug14','70mg','Oral','Brand14',NULL,'2023-07-23 13:55:50','2022-07-03 13:55:50','Pharmacist10 Pharmacist10',NULL),('4248cfe4-73c5-444d-bbc3-12d5509a7d5f','2022-07-03 13:55:50','2022-07-03 13:55:50',21,'Drug30','150mg','Intravenous','Brand30',NULL,'2023-07-23 13:55:50','2022-07-03 13:55:50','Pharmacist1 Pharmacist1',NULL),('44b3e371-20d6-4402-9bd3-57e61d3c518f','2022-07-03 13:55:50','2022-07-03 13:55:50',25,'Drug7','35mg','Oral','Brand7',NULL,'2023-07-23 13:55:50','2022-07-03 13:55:50','Pharmacist5 Pharmacist5',NULL),('49c12ab4-6a50-40e0-a9e5-485bfc809303','2022-07-03 13:55:50','2022-07-03 13:55:50',23,'Drug34','170mg','Oral','Brand34',NULL,'2023-07-23 13:55:50','2022-07-03 13:55:50','Pharmacist3 Pharmacist3',NULL),('4a1b3f18-fbeb-4d86-ba62-b97d4e65a14f','2022-07-03 13:55:50','2022-07-03 13:55:50',26,'Drug44','220mg','Intramuscular','Brand44',NULL,'2023-07-23 13:55:50','2022-07-03 13:55:50','Pharmacist6 Pharmacist6',NULL),('4f297c04-0b2d-4833-b230-29c34fc6d82d','2022-07-03 13:55:50','2022-07-03 13:55:50',21,'Drug33','165mg','Oral','Brand33',NULL,'2023-07-23 13:55:50','2022-07-03 13:55:50','Pharmacist1 Pharmacist1',NULL),('50a0d058-517f-4ff5-9d27-b996f106cd96','2022-07-03 13:55:50','2022-07-03 13:55:50',29,'Drug22','110mg','Oral','Brand22',NULL,'2023-07-23 13:55:50','2022-07-03 13:55:50','Pharmacist9 Pharmacist9',NULL),('58009e07-4280-40f7-8cac-ddccb0f425f7','2022-07-03 13:55:49','2022-07-03 13:55:49',29,'Drug4','20mg','Intravenous','Brand4',NULL,'2023-07-23 13:55:50','2022-07-03 13:55:50','Pharmacist9 Pharmacist9',NULL),('65e1296e-e1ac-4281-90bd-a428ad26d899','2022-07-03 13:55:50','2022-07-03 13:55:50',21,'Drug46','230mg','Oral','Brand46',NULL,'2023-07-23 13:55:50','2022-07-03 13:55:50','Pharmacist1 Pharmacist1',NULL),('693a11e4-a7ec-443d-9a33-36cab3346462','2022-07-03 13:55:50','2022-07-03 13:55:50',29,'Drug43','215mg','Intravenous','Brand43',NULL,'2023-07-23 13:55:50','2022-07-03 13:55:50','Pharmacist9 Pharmacist9',NULL),('6fbece77-73d5-4409-9dde-f5dc3cfc5f21','2022-07-03 13:55:50','2022-07-03 13:55:50',22,'Drug23','115mg','Oral','Brand23',NULL,'2023-07-23 13:55:50','2022-07-03 13:55:50','Pharmacist2 Pharmacist2',NULL),('70e475d6-2175-40b1-8caf-8ec944971376','2022-07-03 13:55:49','2022-07-03 13:55:49',30,'Drug3','15mg','Intravenous','Brand3',NULL,'2023-07-23 13:55:50','2022-07-03 13:55:50','Pharmacist10 Pharmacist10',NULL),('726bae75-55ee-494a-b0be-26d5ad753a3f','2022-07-03 13:55:50','2022-07-03 13:55:50',26,'Drug19','95mg','Oral','Brand19',NULL,'2023-07-23 13:55:50','2022-07-03 13:55:50','Pharmacist6 Pharmacist6',NULL),('729b707a-b16e-4032-8396-2ac313afa4bc','2022-07-03 13:55:50','2022-07-03 13:55:50',25,'Drug47','235mg','Oral','Brand47',NULL,'2023-07-23 13:55:50','2022-07-03 13:55:50','Pharmacist5 Pharmacist5',NULL),('781b825e-6cda-4894-983f-39ea19f3c635','2022-07-03 13:55:49','2022-07-03 13:55:49',23,'Drug1','5mg','Oral','Brand1',NULL,'2023-07-23 13:55:50','2022-07-03 13:55:50','Pharmacist3 Pharmacist3',NULL),('79725daa-08b9-41a4-a601-7c866812a8be','2022-07-03 13:55:50','2022-07-03 13:55:50',30,'Drug26','130mg','Oral','Brand26',NULL,'2023-07-23 13:55:50','2022-07-03 13:55:50','Pharmacist10 Pharmacist10',NULL),('805bef7d-bd1a-497a-b77c-0d447cdc3593','2022-07-03 13:55:50','2022-07-03 13:55:50',24,'Drug39','195mg','Oral','Brand39',NULL,'2023-07-23 13:55:50','2022-07-03 13:55:50','Pharmacist4 Pharmacist4',NULL),('80846e1f-f3b9-46ff-bb67-8659bf670077','2022-07-03 13:55:50','2022-07-03 13:55:50',25,'Drug48','240mg','Intramuscular','Brand48',NULL,'2023-07-23 13:55:50','2022-07-03 13:55:50','Pharmacist5 Pharmacist5',NULL),('852cf58f-f079-4974-af95-edfcb4e4b6af','2022-07-03 13:55:50','2022-07-03 13:55:50',30,'Drug31','155mg','Intravenous','Brand31',NULL,'2023-07-23 13:55:50','2022-07-03 13:55:50','Pharmacist10 Pharmacist10',NULL),('85a88b9a-8c15-437c-905b-6d2a9d6410bf','2022-07-03 13:55:50','2022-07-03 13:55:50',29,'Drug42','210mg','Intramuscular','Brand42',NULL,'2023-07-23 13:55:50','2022-07-03 13:55:50','Pharmacist9 Pharmacist9',NULL),('88d23102-0b9c-409c-b06e-5ddf26cfa443','2022-07-03 13:55:50','2022-07-03 13:55:50',22,'Drug29','145mg','Intravenous','Brand29',NULL,'2023-07-23 13:55:50','2022-07-03 13:55:50','Pharmacist2 Pharmacist2',NULL),('8c1ecc6a-0b59-418e-8286-1f597276f269','2022-07-03 13:55:50','2022-07-03 13:55:50',24,'Drug10','50mg','Oral','Brand10',NULL,'2023-07-23 13:55:50','2022-07-03 13:55:50','Pharmacist4 Pharmacist4',NULL),('981fccd8-17f7-4d49-ba87-0bf283408454','2022-07-03 13:55:49','2022-07-03 13:55:49',25,'Drug0','0mg','Intramuscular','Brand0',NULL,'2023-07-23 13:55:50','2022-07-03 13:55:50','Pharmacist5 Pharmacist5',NULL),('98ad7f5f-994c-45d7-932a-16a3dcc6b00e','2022-07-03 13:55:50','2022-07-03 13:55:50',23,'Drug40','200mg','Intravenous','Brand40',NULL,'2023-07-23 13:55:50','2022-07-03 13:55:50','Pharmacist3 Pharmacist3',NULL),('a79bd99b-58ef-41d7-9d1c-be3e2987fa03','2022-07-03 13:55:50','2022-07-03 13:55:50',29,'Drug9','45mg','Intramuscular','Brand9',NULL,'2023-07-23 13:55:50','2022-07-03 13:55:50','Pharmacist9 Pharmacist9',NULL),('bad041ae-33f9-4cfa-b047-2ca619073738','2022-07-03 13:55:50','2022-07-03 13:55:50',24,'Drug32','160mg','Intramuscular','Brand32',NULL,'2023-07-23 13:55:50','2022-07-03 13:55:50','Pharmacist4 Pharmacist4',NULL),('bd2d5b09-1811-42f3-9e1f-878afa211655','2022-07-03 13:55:50','2022-07-03 13:55:50',27,'Drug20','100mg','Intramuscular','Brand20',NULL,'2023-07-23 13:55:50','2022-07-03 13:55:50','Pharmacist7 Pharmacist7',NULL),('cafd63b1-3d24-4621-aeec-559f0f8eaadf','2022-07-03 13:55:50','2022-07-03 13:55:50',30,'Drug37','185mg','Oral','Brand37',NULL,'2023-07-23 13:55:50','2022-07-03 13:55:50','Pharmacist10 Pharmacist10',NULL),('d433ceb6-f11b-4566-bbac-e3bb67be4e9e','2022-07-03 13:55:50','2022-07-03 13:55:50',26,'Drug28','140mg','Oral','Brand28',NULL,'2023-07-23 13:55:50','2022-07-03 13:55:50','Pharmacist6 Pharmacist6',NULL),('dcf3924c-af13-465c-ac9a-3ad1a46e8ec5','2022-07-03 13:55:50','2022-07-03 13:55:50',29,'Drug36','180mg','Intramuscular','Brand36',NULL,'2023-07-23 13:55:50','2022-07-03 13:55:50','Pharmacist9 Pharmacist9',NULL),('de7e26df-0785-4f82-81a3-52051f30a1ad','2022-07-03 13:55:50','2022-07-03 13:55:50',27,'Drug11','55mg','Intramuscular','Brand11',NULL,'2023-07-23 13:55:50','2022-07-03 13:55:50','Pharmacist7 Pharmacist7',NULL),('deb41470-fb9e-498c-aa1d-0b23fc984cbb','2022-07-03 13:55:50','2022-07-03 13:55:50',26,'Drug16','80mg','Intravenous','Brand16',NULL,'2023-07-23 13:55:50','2022-07-03 13:55:50','Pharmacist6 Pharmacist6',NULL),('e11d407c-37f2-4faa-b082-b326851da346','2022-07-03 13:55:50','2022-07-03 13:55:50',29,'Drug25','125mg','Intramuscular','Brand25',NULL,'2023-07-23 13:55:50','2022-07-03 13:55:50','Pharmacist9 Pharmacist9',NULL),('f2cced6d-6952-4209-bb86-c7964c9184e2','2022-07-03 13:55:50','2022-07-03 13:55:50',29,'Drug38','190mg','Intramuscular','Brand38',NULL,'2023-07-23 13:55:50','2022-07-03 13:55:50','Pharmacist9 Pharmacist9',NULL),('f8e4a96e-79f2-41a6-8858-3018a0690343','2022-07-03 13:55:50','2022-07-03 13:55:50',21,'Drug13','65mg','Oral','Brand13',NULL,'2023-07-23 13:55:50','2022-07-03 13:55:50','Pharmacist1 Pharmacist1',NULL),('fa0d60a0-8321-408a-a3f9-bbedaa8f081e','2022-07-03 13:55:50','2022-07-03 13:55:50',23,'Drug45','225mg','Intravenous','Brand45',NULL,'2023-07-23 13:55:50','2022-07-03 13:55:50','Pharmacist3 Pharmacist3',NULL),('fd797ea3-7c0b-4a4c-b79a-e1994e63d129','2022-07-03 13:55:50','2022-07-03 13:55:50',25,'Drug49','245mg','Oral','Brand49',NULL,'2023-07-23 13:55:50','2022-07-03 13:55:50','Pharmacist5 Pharmacist5',NULL);
/*!40000 ALTER TABLE `drugs` ENABLE KEYS */;
UNLOCK TABLES;

--
-- Table structure for table `nursenotes`
--

DROP TABLE IF EXISTS `nursenotes`;
/*!40101 SET @saved_cs_client     = @@character_set_client */;
/*!50503 SET character_set_client = utf8mb4 */;
CREATE TABLE `nursenotes` (
  `id` varchar(60) NOT NULL,
  `created_at` datetime NOT NULL DEFAULT CURRENT_TIMESTAMP,
  `updated_at` datetime NOT NULL DEFAULT CURRENT_TIMESTAMP,
  `created_by` int DEFAULT NULL,
  `pid` int NOT NULL,
  `note` text,
  `nurse_name` varchar(128) DEFAULT NULL,
  `updated_by` int DEFAULT NULL,
  PRIMARY KEY (`id`),
  KEY `created_by` (`created_by`),
  KEY `pid` (`pid`),
  KEY `updated_by` (`updated_by`),
  CONSTRAINT `nursenotes_ibfk_1` FOREIGN KEY (`created_by`) REFERENCES `nurses` (`staff_id`) ON DELETE SET NULL,
  CONSTRAINT `nursenotes_ibfk_2` FOREIGN KEY (`pid`) REFERENCES `patients` (`pid`) ON DELETE CASCADE,
  CONSTRAINT `nursenotes_ibfk_3` FOREIGN KEY (`updated_by`) REFERENCES `staffs` (`staff_id`) ON DELETE SET NULL
) ENGINE=InnoDB DEFAULT CHARSET=utf8mb4 COLLATE=utf8mb4_0900_ai_ci;
/*!40101 SET character_set_client = @saved_cs_client */;

--
-- Dumping data for table `nursenotes`
--

LOCK TABLES `nursenotes` WRITE;
/*!40000 ALTER TABLE `nursenotes` DISABLE KEYS */;
INSERT INTO `nursenotes` VALUES ('05b1cb77-150d-4e60-98cf-e767db928d72','2022-07-03 13:55:51','2022-07-03 13:55:51',19,26,'Documentation by Nurse8','Nrs Nurse9 Nurse9',NULL),('06f6bb99-9c43-43d7-b35e-66133096df47','2022-07-03 13:55:51','2022-07-03 13:55:51',15,45,'Documentation by Nurse1','Nrs Nurse5 Nurse5',NULL),('0a871151-db0e-4a96-b687-bc847cfcdc83','2022-07-03 13:55:51','2022-07-03 13:55:51',17,31,'Documentation by Nurse24','Nrs Nurse7 Nurse7',NULL),('0d7e5243-ca03-4df9-8427-65d6c01e74b8','2022-07-03 13:55:51','2022-07-03 13:55:51',18,21,'Documentation by Nurse0','Nrs Nurse8 Nurse8',NULL),('0ed99e25-dc15-4431-9b75-49a0af643336','2022-07-03 13:55:51','2022-07-03 13:55:51',16,20,'Documentation by Nurse23','Nrs Nurse6 Nurse6',NULL),('0f3bc3fa-0ea3-49fe-951f-c76632e3a02b','2022-07-03 13:55:51','2022-07-03 13:55:51',19,41,'Documentation by Nurse36','Nrs Nurse9 Nurse9',NULL),('18d54e30-7487-4fd0-baf1-abab7740288a','2022-07-03 13:55:51','2022-07-03 13:55:51',17,37,'Documentation by Nurse11','Nrs Nurse7 Nurse7',NULL),('2135ab0b-91c9-4622-a0b2-bd522a266ef4','2022-07-03 13:55:51','2022-07-03 13:55:51',12,22,'Documentation by Nurse47','Nrs Nurse2 Nurse2',NULL),('216fc7fa-094d-40d5-b70e-d748c9103d97','2022-07-03 13:55:51','2022-07-03 13:55:51',16,11,'Documentation by Nurse18','Nrs Nurse6 Nurse6',NULL),('28c6efdc-8263-4e54-9bce-8f084b4be9df','2022-07-03 13:55:51','2022-07-03 13:55:51',14,34,'Documentation by Nurse35','Nrs Nurse4 Nurse4',NULL),('2e381bc6-6473-4b6d-9376-59313206ed0d','2022-07-03 13:55:51','2022-07-03 13:55:51',12,32,'Documentation by Nurse10','Nrs Nurse2 Nurse2',NULL),('3047f860-3d3e-43de-aa74-bc0fb82b1d28','2022-07-03 13:55:51','2022-07-03 13:55:51',16,26,'Documentation by Nurse40','Nrs Nurse6 Nurse6',NULL),('3500d197-4133-4b5b-b1f2-3530af318e2f','2022-07-03 13:55:51','2022-07-03 13:55:51',20,23,'Documentation by Nurse33','Nrs Nurse10 Nurse10',NULL),('35985162-7bc4-45aa-9d13-b8c276a54a7f','2022-07-03 13:55:51','2022-07-03 13:55:51',13,12,'Documentation by Nurse43','Nrs Nurse3 Nurse3',NULL),('3660cee5-2663-40cd-86d4-a99a9c4a745f','2022-07-03 13:55:51','2022-07-03 13:55:51',16,45,'Documentation by Nurse4','Nrs Nurse6 Nurse6',NULL),('3959f565-cc23-4ba5-8a23-cd54d1949d4b','2022-07-03 13:55:51','2022-07-03 13:55:51',15,22,'Documentation by Nurse49','Nrs Nurse5 Nurse5',NULL),('3d00ceec-b1ed-4353-8242-943b0a8856e1','2022-07-03 13:55:51','2022-07-03 13:55:51',16,13,'Documentation by Nurse9','Nrs Nurse6 Nurse6',NULL),('432127d4-c037-43b6-b05e-b67ae05dde3a','2022-07-03 13:55:51','2022-07-03 13:55:51',18,30,'Documentation by Nurse42','Nrs Nurse8 Nurse8',NULL),('4c16cdca-b8d1-4043-b167-f7dd016f873f','2022-07-03 13:55:51','2022-07-03 13:55:51',20,22,'Documentation by Nurse29','Nrs Nurse10 Nurse10',NULL),('52fd223d-3c42-41d2-9451-6f20086b8040','2022-07-03 13:55:51','2022-07-03 13:55:51',13,42,'Documentation by Nurse27','Nrs Nurse3 Nurse3',NULL),('547938b9-43c0-4a63-b4aa-3befb0312715','2022-07-03 13:55:51','2022-07-03 13:55:51',20,8,'Documentation by Nurse25','Nrs Nurse10 Nurse10',NULL),('55d2c228-a8b5-4660-8668-5b2f59b0895b','2022-07-03 13:55:51','2022-07-03 13:55:51',16,25,'Documentation by Nurse30','Nrs Nurse6 Nurse6',NULL),('5ca5f091-5932-48da-811a-35a52db2d667','2022-07-03 13:55:51','2022-07-03 13:55:51',15,15,'Documentation by Nurse21','Nrs Nurse5 Nurse5',NULL),('5f494def-d61d-4d75-9288-80bbb4dfbc07','2022-07-03 13:55:51','2022-07-03 13:55:51',13,46,'Documentation by Nurse32','Nrs Nurse3 Nurse3',NULL),('664e4e08-d926-47d3-96bf-3708dbf58563','2022-07-03 13:55:51','2022-07-03 13:55:51',14,33,'Documentation by Nurse3','Nrs Nurse4 Nurse4',NULL),('666f306c-ea45-4671-be9c-386584ae6baa','2022-07-03 13:55:51','2022-07-03 13:55:51',18,32,'Documentation by Nurse13','Nrs Nurse8 Nurse8',NULL),('69a6d5cf-c8fc-48b0-89b3-b8b20d98c3b2','2022-07-03 13:55:51','2022-07-03 13:55:51',11,30,'Documentation by Nurse39','Nrs Nurse1 Nurse1',NULL),('6e1657b9-8b0e-4529-bf71-2b53644662ab','2022-07-03 13:55:51','2022-07-03 13:55:51',14,6,'Documentation by Nurse34','Nrs Nurse4 Nurse4',NULL),('6e3ad6bc-6526-4dc2-80dc-134f75edda6f','2022-07-03 13:55:51','2022-07-03 13:55:51',18,2,'Documentation by Nurse12','Nrs Nurse8 Nurse8',NULL),('72d2869a-46ca-4afb-9056-a99b0d9b6f83','2022-07-03 13:55:51','2022-07-03 13:55:51',11,43,'Documentation by Nurse48','Nrs Nurse1 Nurse1',NULL),('78093752-b720-44a5-9605-fec5e3152ca0','2022-07-03 13:55:51','2022-07-03 13:55:51',15,43,'Documentation by Nurse7','Nrs Nurse5 Nurse5',NULL),('843c005a-58b7-4b58-8b31-a89ff31e6f3b','2022-07-03 13:55:51','2022-07-03 13:55:51',13,21,'Documentation by Nurse19','Nrs Nurse3 Nurse3',NULL),('879d6c8a-b27b-42bf-ae8e-cf6213b4abd6','2022-07-03 13:55:51','2022-07-03 13:55:51',15,27,'Documentation by Nurse37','Nrs Nurse5 Nurse5',NULL),('8aa8c957-e6f7-4f82-97ee-a10f85f0cd9d','2022-07-03 13:55:51','2022-07-03 13:55:51',16,21,'Documentation by Nurse22','Nrs Nurse6 Nurse6',NULL),('9c52d864-3aae-433f-a010-5a990329b520','2022-07-03 13:55:51','2022-07-03 13:55:51',18,3,'Documentation by Nurse28','Nrs Nurse8 Nurse8',NULL),('9d8e20d0-516c-43a6-9fbc-4732d11bca63','2022-07-03 13:55:51','2022-07-03 13:55:51',13,13,'Documentation by Nurse20','Nrs Nurse3 Nurse3',NULL),('a03eac66-cd2d-4191-88d9-929f697986ea','2022-07-03 13:55:51','2022-07-03 13:55:51',18,49,'Documentation by Nurse31','Nrs Nurse8 Nurse8',NULL),('ac17b0ae-ab65-4b57-a42b-8fb52efe126c','2022-07-03 13:55:51','2022-07-03 13:55:51',12,46,'Documentation by Nurse17','Nrs Nurse2 Nurse2',NULL),('ada9a1d5-4fa7-4c5d-a909-fb8a2c674210','2022-07-03 13:55:51','2022-07-03 13:55:51',16,35,'Documentation by Nurse44','Nrs Nurse6 Nurse6',NULL),('ade786b2-8de7-44a9-b950-1825ca9b17e9','2022-07-03 13:55:51','2022-07-03 13:55:51',20,9,'Documentation by Nurse6','Nrs Nurse10 Nurse10',NULL),('b5cc3e01-b805-4253-a977-3e464ae9c3c9','2022-07-03 13:55:51','2022-07-03 13:55:51',16,17,'Documentation by Nurse16','Nrs Nurse6 Nurse6',NULL),('b6e34366-a4f8-484f-a2ca-8cb6d27074e0','2022-07-03 13:55:51','2022-07-03 13:55:51',18,32,'Documentation by Nurse41','Nrs Nurse8 Nurse8',NULL),('c6088bcb-ce69-4837-b56c-662d966e01b3','2022-07-03 13:55:51','2022-07-03 13:55:51',19,35,'Documentation by Nurse15','Nrs Nurse9 Nurse9',NULL),('ca7bfe8b-11d6-4b75-98a9-deed97b22415','2022-07-03 13:55:51','2022-07-03 13:55:51',12,31,'Documentation by Nurse38','Nrs Nurse2 Nurse2',NULL),('ce888b5f-0b2c-4238-b50b-803abec1977c','2022-07-03 13:55:51','2022-07-03 13:55:51',14,21,'Documentation by Nurse14','Nrs Nurse4 Nurse4',NULL),('e02396f5-28a4-4725-8cad-c9f653ebb103','2022-07-03 13:55:51','2022-07-03 13:55:51',11,39,'Documentation by Nurse5','Nrs Nurse1 Nurse1',NULL),('e3104d47-a4cb-4b45-bbca-4a0587afd1d8','2022-07-03 13:55:51','2022-07-03 13:55:51',12,21,'Documentation by Nurse2','Nrs Nurse2 Nurse2',NULL),('e9ccdecd-40ca-4a7c-844f-062b64646db6','2022-07-03 13:55:51','2022-07-03 13:55:51',20,36,'Documentation by Nurse45','Nrs Nurse10 Nurse10',NULL),('ef6a7023-9b6d-4811-94db-951e51102c65','2022-07-03 13:55:51','2022-07-03 13:55:51',17,43,'Documentation by Nurse26','Nrs Nurse7 Nurse7',NULL),('f9597cea-793c-420a-9fb6-a72d543940f2','2022-07-03 13:55:51','2022-07-03 13:55:51',20,24,'Documentation by Nurse46','Nrs Nurse10 Nurse10',NULL);
/*!40000 ALTER TABLE `nursenotes` ENABLE KEYS */;
UNLOCK TABLES;

--
-- Table structure for table `nurses`
--

DROP TABLE IF EXISTS `nurses`;
/*!40101 SET @saved_cs_client     = @@character_set_client */;
/*!50503 SET character_set_client = utf8mb4 */;
CREATE TABLE `nurses` (
  `staff_id` int NOT NULL,
  `job_title` varchar(16) NOT NULL,
  `permissions` varchar(60) DEFAULT NULL,
  PRIMARY KEY (`staff_id`),
  KEY `permissions` (`permissions`),
  CONSTRAINT `nurses_ibfk_1` FOREIGN KEY (`staff_id`) REFERENCES `staffs` (`staff_id`),
  CONSTRAINT `nurses_ibfk_2` FOREIGN KEY (`permissions`) REFERENCES `permissions` (`id`)
) ENGINE=InnoDB DEFAULT CHARSET=utf8mb4 COLLATE=utf8mb4_0900_ai_ci;
/*!40101 SET character_set_client = @saved_cs_client */;

--
-- Dumping data for table `nurses`
--

LOCK TABLES `nurses` WRITE;
/*!40000 ALTER TABLE `nurses` DISABLE KEYS */;
INSERT INTO `nurses` VALUES (11,'Nurse',NULL),(12,'Nurse',NULL),(13,'Nurse',NULL),(14,'Nurse',NULL),(15,'Nurse',NULL),(16,'Nurse',NULL),(17,'Nurse',NULL),(18,'Nurse',NULL),(19,'Nurse',NULL),(20,'Nurse',NULL);
/*!40000 ALTER TABLE `nurses` ENABLE KEYS */;
UNLOCK TABLES;

--
-- Table structure for table `patients`
--

DROP TABLE IF EXISTS `patients`;
/*!40101 SET @saved_cs_client     = @@character_set_client */;
/*!50503 SET character_set_client = utf8mb4 */;
CREATE TABLE `patients` (
  `id` varchar(60) NOT NULL,
  `created_at` datetime NOT NULL DEFAULT CURRENT_TIMESTAMP,
  `updated_at` datetime NOT NULL DEFAULT CURRENT_TIMESTAMP,
  `first_name` varchar(128) DEFAULT NULL,
  `last_name` varchar(128) DEFAULT NULL,
  `gender` enum('Male','Female') DEFAULT NULL,
  `email` varchar(128) DEFAULT NULL,
  `dob` date DEFAULT NULL,
  `marital_status` enum('Single','Married','Widowed','Divorced') DEFAULT NULL,
  `address` varchar(128) DEFAULT NULL,
  `phone_number` varchar(16) DEFAULT NULL,
  `next_of_kin` varchar(128) DEFAULT NULL,
  `kin_address` varchar(128) DEFAULT NULL,
  `created_by` int DEFAULT NULL,
  `pid` int NOT NULL AUTO_INCREMENT,
  `record_officer` varchar(60) DEFAULT NULL,
  `updated_by` int DEFAULT NULL,
  PRIMARY KEY (`pid`,`id`),
  UNIQUE KEY `email` (`email`),
  KEY `created_by` (`created_by`),
  KEY `updated_by` (`updated_by`),
  CONSTRAINT `patients_ibfk_1` FOREIGN KEY (`created_by`) REFERENCES `record_officers` (`staff_id`) ON DELETE SET NULL,
  CONSTRAINT `patients_ibfk_2` FOREIGN KEY (`updated_by`) REFERENCES `staffs` (`staff_id`) ON DELETE SET NULL
) ENGINE=InnoDB AUTO_INCREMENT=51 DEFAULT CHARSET=utf8mb4 COLLATE=utf8mb4_0900_ai_ci;
/*!40101 SET character_set_client = @saved_cs_client */;

--
-- Dumping data for table `patients`
--

LOCK TABLES `patients` WRITE;
/*!40000 ALTER TABLE `patients` DISABLE KEYS */;
INSERT INTO `patients` VALUES ('58abca54-e359-4159-9667-901a4d54e4b7','2022-07-03 13:55:49','2022-07-03 13:55:49','Patient0','Patient0','Female','patient0@hmispat.com','2010-02-19','Single','14, Nowhere, Patient Lane','8173020278','kin0','14, Nowhere, Patient Lane',39,1,'RecordOfficer9 RecordOfficer9',NULL),('e0a22de8-f268-4b34-8eae-429a88dc6fcc','2022-07-03 13:55:49','2022-07-03 13:55:49','Patient1','Patient1','Female','patient1@hmispat.com','2002-11-16','Divorced','16, Nowhere, Patient Lane','8299354347','kin1','16, Nowhere, Patient Lane',39,2,'RecordOfficer9 RecordOfficer9',NULL),('8953522b-d334-4f04-92d8-cb34bd394841','2022-07-03 13:55:49','2022-07-03 13:55:49','Patient2','Patient2','Male','patient2@hmispat.com','2000-03-04','Widowed','12, Nowhere, Patient Lane','8269422644','kin2','12, Nowhere, Patient Lane',40,3,'RecordOfficer10 RecordOfficer10',NULL),('99f1b746-f12f-4938-855b-ab39edd7767f','2022-07-03 13:55:49','2022-07-03 13:55:49','Patient3','Patient3','Female','patient3@hmispat.com','2009-09-01','Single','10, Nowhere, Patient Lane','9200325919','kin3','10, Nowhere, Patient Lane',37,4,'RecordOfficer7 RecordOfficer7',NULL),('7f944be0-c915-42b4-b470-ec76cd9455b6','2022-07-03 13:55:49','2022-07-03 13:55:49','Patient4','Patient4','Male','patient4@hmispat.com','2018-02-05','Married','20, Nowhere, Patient Lane','7767034709','kin4','20, Nowhere, Patient Lane',39,5,'RecordOfficer9 RecordOfficer9',NULL),('4778c808-1340-46bc-ace1-b0faf222e0a6','2022-07-03 13:55:49','2022-07-03 13:55:49','Patient5','Patient5','Male','patient5@hmispat.com','1990-12-11','Divorced','15, Nowhere, Patient Lane','8210852779','kin5','15, Nowhere, Patient Lane',32,6,'RecordOfficer2 RecordOfficer2',NULL),('6470c280-4b97-41ae-bbb1-6e937748e2cc','2022-07-03 13:55:49','2022-07-03 13:55:49','Patient6','Patient6','Female','patient6@hmispat.com','2015-05-14','Divorced','13, Nowhere, Patient Lane','6776402302','kin6','13, Nowhere, Patient Lane',33,7,'RecordOfficer3 RecordOfficer3',NULL),('cc4ca681-f190-49d7-a27e-f64a26c6a35b','2022-07-03 13:55:49','2022-07-03 13:55:49','Patient7','Patient7','Male','patient7@hmispat.com','1990-10-12','Divorced','16, Nowhere, Patient Lane','8716387922','kin7','16, Nowhere, Patient Lane',39,8,'RecordOfficer9 RecordOfficer9',NULL),('e8a62306-4e45-40a9-b4c7-74e6fb1bb985','2022-07-03 13:55:49','2022-07-03 13:55:49','Patient8','Patient8','Female','patient8@hmispat.com','2008-06-11','Married','18, Nowhere, Patient Lane','7496175510','kin8','18, Nowhere, Patient Lane',40,9,'RecordOfficer10 RecordOfficer10',NULL),('dc00d9d5-7d96-4a0c-9bd1-e2a9370e4cd8','2022-07-03 13:55:49','2022-07-03 13:55:49','Patient9','Patient9','Female','patient9@hmispat.com','2000-11-15','Widowed','14, Nowhere, Patient Lane','9750409260','kin9','14, Nowhere, Patient Lane',36,10,'RecordOfficer6 RecordOfficer6',NULL),('5b063048-e3f4-4154-934a-07811f38fcf5','2022-07-03 13:55:49','2022-07-03 13:55:49','Patient10','Patient10','Male','patient10@hmispat.com','2002-08-27','Married','17, Nowhere, Patient Lane','8938708437','kin10','17, Nowhere, Patient Lane',36,11,'RecordOfficer6 RecordOfficer6',NULL),('63eb6d29-0a96-4717-a798-ad05d6f9145a','2022-07-03 13:55:49','2022-07-03 13:55:49','Patient11','Patient11','Female','patient11@hmispat.com','2003-10-09','Divorced','15, Nowhere, Patient Lane','9244406204','kin11','15, Nowhere, Patient Lane',33,12,'RecordOfficer3 RecordOfficer3',NULL),('986b5a0e-2e87-46c6-b8e6-d14146ba1ddf','2022-07-03 13:55:49','2022-07-03 13:55:49','Patient12','Patient12','Female','patient12@hmispat.com','2010-01-17','Divorced','19, Nowhere, Patient Lane','7867290571','kin12','19, Nowhere, Patient Lane',36,13,'RecordOfficer6 RecordOfficer6',NULL),('45a96009-5578-4c48-938a-863e1fb15e2e','2022-07-03 13:55:49','2022-07-03 13:55:49','Patient13','Patient13','Female','patient13@hmispat.com','2009-12-17','Married','18, Nowhere, Patient Lane','6964616215','kin13','18, Nowhere, Patient Lane',32,14,'RecordOfficer2 RecordOfficer2',NULL),('ef2fb00b-fa12-4f52-a4e6-e848dd391bc3','2022-07-03 13:55:49','2022-07-03 13:55:49','Patient14','Patient14','Female','patient14@hmispat.com','2021-09-03','Divorced','14, Nowhere, Patient Lane','7961678071','kin14','14, Nowhere, Patient Lane',34,15,'RecordOfficer4 RecordOfficer4',NULL),('d6affd4c-ef80-4b7d-ac29-18d497dde88d','2022-07-03 13:55:49','2022-07-03 13:55:49','Patient15','Patient15','Male','patient15@hmispat.com','2016-06-27','Single','13, Nowhere, Patient Lane','7028708025','kin15','13, Nowhere, Patient Lane',34,16,'RecordOfficer4 RecordOfficer4',NULL),('7420a668-9f15-448f-a131-6b9634380aa1','2022-07-03 13:55:49','2022-07-03 13:55:49','Patient16','Patient16','Female','patient16@hmispat.com','1995-10-04','Widowed','10, Nowhere, Patient Lane','7925377161','kin16','10, Nowhere, Patient Lane',39,17,'RecordOfficer9 RecordOfficer9',NULL),('b8501da4-e837-4e98-b0de-b7e98a5538ab','2022-07-03 13:55:49','2022-07-03 13:55:49','Patient17','Patient17','Female','patient17@hmispat.com','2005-07-21','Married','16, Nowhere, Patient Lane','8911577024','kin17','16, Nowhere, Patient Lane',35,18,'RecordOfficer5 RecordOfficer5',NULL),('09ffbc6b-5f4a-4db3-8bcc-a3fee82f8119','2022-07-03 13:55:49','2022-07-03 13:55:49','Patient18','Patient18','Male','patient18@hmispat.com','1995-02-22','Divorced','18, Nowhere, Patient Lane','6201235375','kin18','18, Nowhere, Patient Lane',32,19,'RecordOfficer2 RecordOfficer2',NULL),('d0c14e70-9602-413f-b851-91002b862abd','2022-07-03 13:55:49','2022-07-03 13:55:49','Patient19','Patient19','Female','patient19@hmispat.com','2001-03-09','Widowed','13, Nowhere, Patient Lane','7486835054','kin19','13, Nowhere, Patient Lane',34,20,'RecordOfficer4 RecordOfficer4',NULL),('6f7ff4d3-9537-4856-af86-83fcaceac6cf','2022-07-03 13:55:49','2022-07-03 13:55:49','Patient20','Patient20','Female','patient20@hmispat.com','2021-09-08','Widowed','18, Nowhere, Patient Lane','6095821472','kin20','18, Nowhere, Patient Lane',33,21,'RecordOfficer3 RecordOfficer3',NULL),('08730f4f-8881-4845-8930-47b603ca1683','2022-07-03 13:55:49','2022-07-03 13:55:49','Patient21','Patient21','Female','patient21@hmispat.com','2000-12-07','Single','18, Nowhere, Patient Lane','8491591715','kin21','18, Nowhere, Patient Lane',37,22,'RecordOfficer7 RecordOfficer7',NULL),('7a05658a-a9d7-45d3-847a-73856d820aeb','2022-07-03 13:55:49','2022-07-03 13:55:49','Patient22','Patient22','Male','patient22@hmispat.com','2001-09-28','Single','10, Nowhere, Patient Lane','8284898692','kin22','10, Nowhere, Patient Lane',34,23,'RecordOfficer4 RecordOfficer4',NULL),('686f5c08-8bfa-4abd-b829-02b897a7c255','2022-07-03 13:55:49','2022-07-03 13:55:49','Patient23','Patient23','Female','patient23@hmispat.com','2008-11-19','Divorced','13, Nowhere, Patient Lane','7172083952','kin23','13, Nowhere, Patient Lane',37,24,'RecordOfficer7 RecordOfficer7',NULL),('a67868e7-1040-477f-8aa9-b5a17ee16d37','2022-07-03 13:55:49','2022-07-03 13:55:49','Patient24','Patient24','Female','patient24@hmispat.com','2011-01-19','Single','20, Nowhere, Patient Lane','9381329486','kin24','20, Nowhere, Patient Lane',40,25,'RecordOfficer10 RecordOfficer10',NULL),('af02e899-7864-4435-b58a-3f03ba2860b7','2022-07-03 13:55:49','2022-07-03 13:55:49','Patient25','Patient25','Female','patient25@hmispat.com','2011-04-27','Married','12, Nowhere, Patient Lane','9519490549','kin25','12, Nowhere, Patient Lane',33,26,'RecordOfficer3 RecordOfficer3',NULL),('c0cc8e65-8f14-4f9b-8e58-d722e422af98','2022-07-03 13:55:49','2022-07-03 13:55:49','Patient26','Patient26','Male','patient26@hmispat.com','2022-09-14','Divorced','18, Nowhere, Patient Lane','6637691334','kin26','18, Nowhere, Patient Lane',37,27,'RecordOfficer7 RecordOfficer7',NULL),('7f3a8a90-0606-4a0a-8222-3b6c74b077ed','2022-07-03 13:55:49','2022-07-03 13:55:49','Patient27','Patient27','Male','patient27@hmispat.com','2017-10-28','Married','13, Nowhere, Patient Lane','9638485414','kin27','13, Nowhere, Patient Lane',38,28,'RecordOfficer8 RecordOfficer8',NULL),('fb49af15-6e48-47ad-b174-8d07fe92811b','2022-07-03 13:55:49','2022-07-03 13:55:49','Patient28','Patient28','Male','patient28@hmispat.com','2018-09-03','Widowed','15, Nowhere, Patient Lane','7956486713','kin28','15, Nowhere, Patient Lane',36,29,'RecordOfficer6 RecordOfficer6',NULL),('f3faa95c-aec8-4676-b61a-65d49c66c88d','2022-07-03 13:55:49','2022-07-03 13:55:49','Patient29','Patient29','Female','patient29@hmispat.com','1992-12-05','Widowed','13, Nowhere, Patient Lane','6276181413','kin29','13, Nowhere, Patient Lane',33,30,'RecordOfficer3 RecordOfficer3',NULL),('70815e60-7dac-450b-b49b-e5a03805d1e9','2022-07-03 13:55:49','2022-07-03 13:55:49','Patient30','Patient30','Male','patient30@hmispat.com','2022-04-05','Widowed','10, Nowhere, Patient Lane','7765423712','kin30','10, Nowhere, Patient Lane',37,31,'RecordOfficer7 RecordOfficer7',NULL),('3e5a210b-9ac6-46b6-a72a-35ce33a1d117','2022-07-03 13:55:49','2022-07-03 13:55:49','Patient31','Patient31','Male','patient31@hmispat.com','2009-11-27','Divorced','14, Nowhere, Patient Lane','8093277231','kin31','14, Nowhere, Patient Lane',35,32,'RecordOfficer5 RecordOfficer5',NULL),('38b79f6e-6ece-466d-bbc9-88bc6858f794','2022-07-03 13:55:49','2022-07-03 13:55:49','Patient32','Patient32','Female','patient32@hmispat.com','1991-03-26','Married','20, Nowhere, Patient Lane','9295121747','kin32','20, Nowhere, Patient Lane',34,33,'RecordOfficer4 RecordOfficer4',NULL),('8330cfec-c560-4571-ac99-6fa3eed0d35e','2022-07-03 13:55:49','2022-07-03 13:55:49','Patient33','Patient33','Male','patient33@hmispat.com','2019-04-20','Married','20, Nowhere, Patient Lane','6299615162','kin33','20, Nowhere, Patient Lane',36,34,'RecordOfficer6 RecordOfficer6',NULL),('d31bd50a-7399-461f-b14c-59cf90b61b99','2022-07-03 13:55:49','2022-07-03 13:55:49','Patient34','Patient34','Male','patient34@hmispat.com','1992-10-16','Widowed','11, Nowhere, Patient Lane','8544874643','kin34','11, Nowhere, Patient Lane',36,35,'RecordOfficer6 RecordOfficer6',NULL),('a6e9c1e1-4ac0-476c-ad68-85319109bdff','2022-07-03 13:55:49','2022-07-03 13:55:49','Patient35','Patient35','Male','patient35@hmispat.com','2017-02-23','Married','10, Nowhere, Patient Lane','9857088830','kin35','10, Nowhere, Patient Lane',36,36,'RecordOfficer6 RecordOfficer6',NULL),('82abb831-2117-4e7d-9f4e-28ad9a7d5748','2022-07-03 13:55:49','2022-07-03 13:55:49','Patient36','Patient36','Female','patient36@hmispat.com','2000-01-15','Divorced','12, Nowhere, Patient Lane','9411152111','kin36','12, Nowhere, Patient Lane',40,37,'RecordOfficer10 RecordOfficer10',NULL),('d9c43f16-6947-4af0-8e4b-ea37d6f20ec6','2022-07-03 13:55:49','2022-07-03 13:55:49','Patient37','Patient37','Male','patient37@hmispat.com','2000-07-26','Married','11, Nowhere, Patient Lane','7399368224','kin37','11, Nowhere, Patient Lane',35,38,'RecordOfficer5 RecordOfficer5',NULL),('fa8fb148-f449-43f8-8049-61d200007bba','2022-07-03 13:55:49','2022-07-03 13:55:49','Patient38','Patient38','Female','patient38@hmispat.com','2010-07-05','Single','15, Nowhere, Patient Lane','8638628722','kin38','15, Nowhere, Patient Lane',36,39,'RecordOfficer6 RecordOfficer6',NULL),('bc79f3c2-1608-44e2-80fb-1aceacec5db8','2022-07-03 13:55:49','2022-07-03 13:55:49','Patient39','Patient39','Female','patient39@hmispat.com','1997-09-08','Divorced','10, Nowhere, Patient Lane','7017725881','kin39','10, Nowhere, Patient Lane',37,40,'RecordOfficer7 RecordOfficer7',NULL),('a18d8a7a-e18b-46b4-b0c2-a76c17c16b83','2022-07-03 13:55:49','2022-07-03 13:55:49','Patient40','Patient40','Male','patient40@hmispat.com','2005-03-12','Single','15, Nowhere, Patient Lane','7529760736','kin40','15, Nowhere, Patient Lane',32,41,'RecordOfficer2 RecordOfficer2',NULL),('af9ad34c-ee21-4c73-8f0e-b9a6f42b417a','2022-07-03 13:55:49','2022-07-03 13:55:49','Patient41','Patient41','Male','patient41@hmispat.com','1993-08-14','Divorced','12, Nowhere, Patient Lane','7801240424','kin41','12, Nowhere, Patient Lane',38,42,'RecordOfficer8 RecordOfficer8',NULL),('41e3857e-af32-41b7-9f7f-29739e1070c7','2022-07-03 13:55:49','2022-07-03 13:55:49','Patient42','Patient42','Male','patient42@hmispat.com','2004-04-02','Single','16, Nowhere, Patient Lane','7113235600','kin42','16, Nowhere, Patient Lane',39,43,'RecordOfficer9 RecordOfficer9',NULL),('b6f1868d-7669-4113-b5fe-99b19205bcb0','2022-07-03 13:55:49','2022-07-03 13:55:49','Patient43','Patient43','Male','patient43@hmispat.com','2008-09-15','Married','13, Nowhere, Patient Lane','6402302099','kin43','13, Nowhere, Patient Lane',36,44,'RecordOfficer6 RecordOfficer6',NULL),('066a6f37-b219-43f1-a807-fc0f1ed42783','2022-07-03 13:55:49','2022-07-03 13:55:49','Patient44','Patient44','Male','patient44@hmispat.com','2017-11-15','Single','17, Nowhere, Patient Lane','7855218724','kin44','17, Nowhere, Patient Lane',39,45,'RecordOfficer9 RecordOfficer9',NULL),('8af921f5-96d4-4245-a6cd-b91fa894922f','2022-07-03 13:55:49','2022-07-03 13:55:49','Patient45','Patient45','Male','patient45@hmispat.com','2020-10-28','Single','13, Nowhere, Patient Lane','7879766772','kin45','13, Nowhere, Patient Lane',39,46,'RecordOfficer9 RecordOfficer9',NULL),('5962e116-bff9-4fef-9b8c-4c51755192df','2022-07-03 13:55:49','2022-07-03 13:55:49','Patient46','Patient46','Female','patient46@hmispat.com','2005-09-08','Single','12, Nowhere, Patient Lane','8170406720','kin46','12, Nowhere, Patient Lane',31,47,'RecordOfficer1 RecordOfficer1',NULL),('a438a360-e53a-46e9-bad9-3dd87f95f43c','2022-07-03 13:55:49','2022-07-03 13:55:49','Patient47','Patient47','Female','patient47@hmispat.com','2014-04-19','Married','17, Nowhere, Patient Lane','9172983459','kin47','17, Nowhere, Patient Lane',35,48,'RecordOfficer5 RecordOfficer5',NULL),('4f766ec8-469a-4bfd-a5ad-63c6bfeefbaf','2022-07-03 13:55:49','2022-07-03 13:55:49','Patient48','Patient48','Male','patient48@hmispat.com','1991-09-18','Divorced','11, Nowhere, Patient Lane','9958225785','kin48','11, Nowhere, Patient Lane',34,49,'RecordOfficer4 RecordOfficer4',NULL),('36933c3a-9bff-46b6-8126-316c4cf34561','2022-07-03 13:55:49','2022-07-03 13:55:49','Patient49','Patient49','Female','patient49@hmispat.com','2020-06-16','Divorced','15, Nowhere, Patient Lane','6789074664','kin49','15, Nowhere, Patient Lane',33,50,'RecordOfficer3 RecordOfficer3',NULL);
/*!40000 ALTER TABLE `patients` ENABLE KEYS */;
UNLOCK TABLES;

--
-- Table structure for table `permissions`
--

DROP TABLE IF EXISTS `permissions`;
/*!40101 SET @saved_cs_client     = @@character_set_client */;
/*!50503 SET character_set_client = utf8mb4 */;
CREATE TABLE `permissions` (
  `id` varchar(60) NOT NULL,
  `name` varchar(32) NOT NULL,
  `create` varchar(128) NOT NULL,
  `edit` varchar(128) NOT NULL,
  `delete` varchar(128) NOT NULL,
  `view` varchar(128) NOT NULL,
  PRIMARY KEY (`id`),
  UNIQUE KEY `name` (`name`)
) ENGINE=InnoDB DEFAULT CHARSET=utf8mb4 COLLATE=utf8mb4_0900_ai_ci;
/*!40101 SET character_set_client = @saved_cs_client */;

--
-- Dumping data for table `permissions`
--

LOCK TABLES `permissions` WRITE;
/*!40000 ALTER TABLE `permissions` DISABLE KEYS */;
/*!40000 ALTER TABLE `permissions` ENABLE KEYS */;
UNLOCK TABLES;

--
-- Table structure for table `pharmacists`
--

DROP TABLE IF EXISTS `pharmacists`;
/*!40101 SET @saved_cs_client     = @@character_set_client */;
/*!50503 SET character_set_client = utf8mb4 */;
CREATE TABLE `pharmacists` (
  `staff_id` int NOT NULL,
  `job_title` varchar(16) NOT NULL,
  `permissions` varchar(60) DEFAULT NULL,
  PRIMARY KEY (`staff_id`),
  KEY `permissions` (`permissions`),
  CONSTRAINT `pharmacists_ibfk_1` FOREIGN KEY (`staff_id`) REFERENCES `staffs` (`staff_id`),
  CONSTRAINT `pharmacists_ibfk_2` FOREIGN KEY (`permissions`) REFERENCES `permissions` (`id`)
) ENGINE=InnoDB DEFAULT CHARSET=utf8mb4 COLLATE=utf8mb4_0900_ai_ci;
/*!40101 SET character_set_client = @saved_cs_client */;

--
-- Dumping data for table `pharmacists`
--

LOCK TABLES `pharmacists` WRITE;
/*!40000 ALTER TABLE `pharmacists` DISABLE KEYS */;
INSERT INTO `pharmacists` VALUES (21,'Pharmacist',NULL),(22,'Pharmacist',NULL),(23,'Pharmacist',NULL),(24,'Pharmacist',NULL),(25,'Pharmacist',NULL),(26,'Pharmacist',NULL),(27,'Pharmacist',NULL),(28,'Pharmacist',NULL),(29,'Pharmacist',NULL),(30,'Pharmacist',NULL);
/*!40000 ALTER TABLE `pharmacists` ENABLE KEYS */;
UNLOCK TABLES;

--
-- Table structure for table `prescriptions`
--

DROP TABLE IF EXISTS `prescriptions`;
/*!40101 SET @saved_cs_client     = @@character_set_client */;
/*!50503 SET character_set_client = utf8mb4 */;
CREATE TABLE `prescriptions` (
  `id` varchar(60) NOT NULL,
  `created_at` datetime NOT NULL DEFAULT CURRENT_TIMESTAMP,
  `updated_at` datetime NOT NULL DEFAULT CURRENT_TIMESTAMP,
  `created_by` int DEFAULT NULL,
  `pid` int NOT NULL,
  `consultation_id` varchar(60) NOT NULL,
  `dispensed_by` int DEFAULT NULL,
  `prescriber` varchar(128) DEFAULT NULL,
  `updated_by` int DEFAULT NULL,
  PRIMARY KEY (`id`),
  UNIQUE KEY `consultation_id` (`consultation_id`),
  KEY `created_by` (`created_by`),
  KEY `pid` (`pid`),
  KEY `dispensed_by` (`dispensed_by`),
  KEY `updated_by` (`updated_by`),
  CONSTRAINT `prescriptions_ibfk_1` FOREIGN KEY (`created_by`) REFERENCES `doctors` (`staff_id`) ON DELETE SET NULL,
  CONSTRAINT `prescriptions_ibfk_2` FOREIGN KEY (`pid`) REFERENCES `patients` (`pid`) ON DELETE CASCADE,
  CONSTRAINT `prescriptions_ibfk_3` FOREIGN KEY (`consultation_id`) REFERENCES `consultations` (`id`) ON DELETE CASCADE,
  CONSTRAINT `prescriptions_ibfk_4` FOREIGN KEY (`dispensed_by`) REFERENCES `pharmacists` (`staff_id`) ON DELETE SET NULL,
  CONSTRAINT `prescriptions_ibfk_5` FOREIGN KEY (`updated_by`) REFERENCES `staffs` (`staff_id`) ON DELETE SET NULL
) ENGINE=InnoDB DEFAULT CHARSET=utf8mb4 COLLATE=utf8mb4_0900_ai_ci;
/*!40101 SET character_set_client = @saved_cs_client */;

--
-- Dumping data for table `prescriptions`
--

LOCK TABLES `prescriptions` WRITE;
/*!40000 ALTER TABLE `prescriptions` DISABLE KEYS */;
INSERT INTO `prescriptions` VALUES ('03fe3395-4414-46eb-aa24-414b67f806a6','2022-07-03 13:55:51','2022-07-03 13:55:51',9,23,'e89a8550-aae8-4247-b45a-f0675447f928',25,'Doctor9 Doctor9',NULL),('1ab012bb-31df-4e82-a3c3-2dd551211256','2022-07-03 13:55:50','2022-07-03 13:55:50',1,15,'8a3fd792-e570-49e7-a62e-8cdd725a9f49',25,'Doctor1 Doctor1',NULL),('1e0584ea-ac47-44f7-86a3-295e3858b4c6','2022-07-03 13:55:50','2022-07-03 13:55:50',8,10,'bec3fe50-e04c-452d-acfc-d5cb217a9518',29,'Doctor8 Doctor8',NULL),('2e890aa3-3ae4-4291-ba02-421dd4dc15cb','2022-07-03 13:55:50','2022-07-03 13:55:50',9,6,'9725bcbc-6aef-4bdf-9066-4faf74b66de8',28,'Doctor9 Doctor9',NULL),('2f7c9618-423f-457c-ae8b-d1d094025c04','2022-07-03 13:55:50','2022-07-03 13:55:50',10,7,'69b99bb3-af3e-4cb8-a46e-21976f7dc720',23,'Doctor10 Doctor10',NULL),('351a4826-4b1c-4cf1-8beb-f0369909f437','2022-07-03 13:55:50','2022-07-03 13:55:50',1,31,'097fcf32-ef91-490b-9fe8-73b3a3fa29f0',30,'Doctor1 Doctor1',NULL),('3c80a21c-8048-4a65-a160-c2782ef3cedd','2022-07-03 13:55:50','2022-07-03 13:55:50',10,1,'f80b526a-96ca-4918-9a50-e363e96f6708',23,'Doctor10 Doctor10',NULL),('406361b6-6de9-4287-ba92-2899d19d7951','2022-07-03 13:55:50','2022-07-03 13:55:50',4,23,'0276070b-3388-4e99-89c8-7b56107f862e',23,'Doctor4 Doctor4',NULL),('40970708-5b6e-4716-9cfb-f9d0f30d9cb9','2022-07-03 13:55:50','2022-07-03 13:55:50',4,44,'8fb53a9c-87c2-4bd0-88f5-7aa4585fb49e',29,'Doctor4 Doctor4',NULL),('4bf7b3c9-88c4-4650-8216-4f4abd02db52','2022-07-03 13:55:51','2022-07-03 13:55:51',2,8,'7e4ba155-51a9-4b8d-b136-728150f7c272',23,'Doctor2 Doctor2',NULL),('4e8828a8-d5c8-4c9a-b73f-b9027cb18503','2022-07-03 13:55:51','2022-07-03 13:55:51',10,32,'eee1b364-31c1-40ac-ab19-103f64247268',27,'Doctor10 Doctor10',NULL),('53989e9f-51e3-4c56-a117-1f28a1b9c41d','2022-07-03 13:55:50','2022-07-03 13:55:50',6,9,'8addb874-c8a2-4e7c-8ee9-0d2ed96191a6',23,'Doctor6 Doctor6',NULL),('560a2f5a-65d2-4931-9e7d-46edb5381537','2022-07-03 13:55:50','2022-07-03 13:55:50',3,39,'a66b1f17-00ec-4e87-8cf2-2f9b281d8934',27,'Doctor3 Doctor3',NULL),('5d5b9f89-332a-4444-95d9-c054692c3c39','2022-07-03 13:55:50','2022-07-03 13:55:50',8,16,'32a39c24-5c6c-4259-8260-346e1d554951',29,'Doctor8 Doctor8',NULL),('6161b4c2-7dd7-43fc-b166-041db2a7f5b4','2022-07-03 13:55:51','2022-07-03 13:55:51',8,23,'81cff2c5-d19c-4b37-96fc-381e05bcb384',29,'Doctor8 Doctor8',NULL),('63375235-57fd-4d87-947e-07ba4ee0e74b','2022-07-03 13:55:50','2022-07-03 13:55:50',3,22,'a1136d60-f668-4df2-a81e-cf3c26e209ac',21,'Doctor3 Doctor3',NULL),('6bd86bde-6537-4076-8a8a-066936252f03','2022-07-03 13:55:50','2022-07-03 13:55:50',1,33,'0c17df35-d8f4-4bd0-a840-7e29282943c3',28,'Doctor1 Doctor1',NULL),('730e52e1-9a09-4649-a359-171819276267','2022-07-03 13:55:51','2022-07-03 13:55:51',10,20,'2f5b2ee1-8a7b-4c13-aba5-718f8ea5134a',30,'Doctor10 Doctor10',NULL),('7a31a34d-9ab6-4677-95bc-07250adcb34f','2022-07-03 13:55:50','2022-07-03 13:55:50',10,4,'7714f697-7fbe-446b-9648-81537c4f674e',21,'Doctor10 Doctor10',NULL),('7adccc98-33b8-4c38-98ce-086893a6cd42','2022-07-03 13:55:51','2022-07-03 13:55:51',4,4,'16726f69-1607-4905-b628-518a767eec6d',23,'Doctor4 Doctor4',NULL),('83a42f1c-b867-4c42-84da-bd0da8ea70ba','2022-07-03 13:55:51','2022-07-03 13:55:51',6,28,'d4a3f0c3-ff71-4061-8946-38813458fb04',29,'Doctor6 Doctor6',NULL),('8675ca68-137a-4af9-927c-7e06b21e6e9a','2022-07-03 13:55:50','2022-07-03 13:55:50',2,32,'7800f0bd-244a-4854-816c-4d3d2bf0331d',21,'Doctor2 Doctor2',NULL),('86935f01-f336-41fa-b35d-e0e39c728759','2022-07-03 13:55:50','2022-07-03 13:55:50',2,22,'ccf31dfe-edc5-4dc0-ac6c-b5db98aebc07',29,'Doctor2 Doctor2',NULL),('91e980d5-038c-472a-9ee5-fed66317ebe0','2022-07-03 13:55:51','2022-07-03 13:55:51',6,45,'a6130bc0-1cf7-4920-b579-5d81adee162c',22,'Doctor6 Doctor6',NULL),('932fc4c9-4955-409c-9994-ce3ebfa1fe2b','2022-07-03 13:55:50','2022-07-03 13:55:50',2,2,'97009343-c646-4e36-a833-402898193818',28,'Doctor2 Doctor2',NULL),('967a7492-4a2e-490f-8f00-8a2b09294ee7','2022-07-03 13:55:51','2022-07-03 13:55:51',10,17,'81ce6448-58c4-4e5d-aa6d-351fa5828562',25,'Doctor10 Doctor10',NULL),('997c47b6-0df2-4816-b1b0-7184a5b215f2','2022-07-03 13:55:50','2022-07-03 13:55:50',6,21,'d0b65973-2faf-47f2-891c-a4bc144bf16b',29,'Doctor6 Doctor6',NULL),('a4c6285c-61d5-45e0-a566-51b63d32ba82','2022-07-03 13:55:50','2022-07-03 13:55:50',7,27,'1a93b01b-6235-4ee7-a553-c370a6987c44',24,'Doctor7 Doctor7',NULL),('a50577f9-6d30-4504-9d09-c33c14a7b8be','2022-07-03 13:55:50','2022-07-03 13:55:50',6,43,'f4d5643b-30a9-40e0-814d-d437d9f8126f',26,'Doctor6 Doctor6',NULL),('a94b8bf8-5788-48a8-b426-daa71fff25a6','2022-07-03 13:55:50','2022-07-03 13:55:50',10,41,'3e361d9f-51a3-4212-aa0b-d860f692f8a1',29,'Doctor10 Doctor10',NULL),('ada915c6-9fc5-430c-bb86-ce6dceaa4aaf','2022-07-03 13:55:50','2022-07-03 13:55:50',9,2,'f297dfb4-f525-45d4-8806-22da58ccb1e6',24,'Doctor9 Doctor9',NULL),('af6f6b62-a51f-4514-8130-fb6fd25dcee8','2022-07-03 13:55:50','2022-07-03 13:55:50',10,23,'86ec14bc-357f-480d-bdb7-f45bee9d1009',23,'Doctor10 Doctor10',NULL),('b794955c-3b47-453d-b6c5-1a550bf5b8dc','2022-07-03 13:55:50','2022-07-03 13:55:50',9,49,'44ba7001-94b8-4533-a2ab-837ac0af5c8e',22,'Doctor9 Doctor9',NULL),('b7f80e1a-3816-4d23-8173-90b4753c33b9','2022-07-03 13:55:50','2022-07-03 13:55:50',9,45,'904639f2-cb0d-4dfd-b7e9-65c893ba82f0',28,'Doctor9 Doctor9',NULL),('c51cad19-2881-43a1-8702-82b82bf86b9e','2022-07-03 13:55:50','2022-07-03 13:55:50',2,1,'793d953a-e149-4b56-9dfb-13718c4aa2d0',23,'Doctor2 Doctor2',NULL),('c51f9f7c-068b-4dce-b299-1806dd776aa8','2022-07-03 13:55:50','2022-07-03 13:55:50',7,32,'2df4bdf0-ae8d-49ea-8dc3-1506214a1252',26,'Doctor7 Doctor7',NULL),('cd631c45-7fe7-46c2-a3d5-9c63c54e30c9','2022-07-03 13:55:50','2022-07-03 13:55:50',6,24,'20fa271b-37ac-4dd7-bff7-c3919f76717a',30,'Doctor6 Doctor6',NULL),('cdabeb64-8a1a-4ae7-93d3-11c89dbd140c','2022-07-03 13:55:50','2022-07-03 13:55:50',7,45,'27be89b7-85a6-42f3-b376-46604ff8b759',22,'Doctor7 Doctor7',NULL),('d5231fff-7f8f-4dce-8dd8-4a2fe49e8adf','2022-07-03 13:55:50','2022-07-03 13:55:50',5,29,'76f6a23c-8b13-4c66-8cf2-f78f2c6dc2d2',22,'Doctor5 Doctor5',NULL),('d7e3e12c-80ea-47ca-8fba-fc97e13a1460','2022-07-03 13:55:50','2022-07-03 13:55:50',6,30,'fc715306-8ab0-4490-a2e0-884580a2ecd7',28,'Doctor6 Doctor6',NULL),('db20219a-3cc9-4645-b182-0714019dd8c0','2022-07-03 13:55:50','2022-07-03 13:55:50',9,1,'cb017b2a-d0bb-4e4b-9724-b18af457fa44',30,'Doctor9 Doctor9',NULL),('de3f276a-4069-4e55-a397-702d1df4ece1','2022-07-03 13:55:50','2022-07-03 13:55:50',3,12,'d838553c-355e-45af-a656-bba84bb21506',24,'Doctor3 Doctor3',NULL),('e32697a6-1b98-40ac-9cc5-f37ddef8aeec','2022-07-03 13:55:50','2022-07-03 13:55:50',5,1,'b82e1787-81ea-44f9-a090-3eb389ec95ee',30,'Doctor5 Doctor5',NULL),('e40ffdb8-4138-44ad-b6be-8ce6e54159dc','2022-07-03 13:55:51','2022-07-03 13:55:51',2,49,'8685ae23-3c32-40da-bf71-266f21bccb28',26,'Doctor2 Doctor2',NULL),('e588cf96-a924-404f-ab6e-1e02d87c1cad','2022-07-03 13:55:50','2022-07-03 13:55:50',10,22,'ac69f16e-3e55-4847-9967-865c9d5da330',22,'Doctor10 Doctor10',NULL),('ea3db389-4147-4f01-b721-f89f82f57abc','2022-07-03 13:55:50','2022-07-03 13:55:50',4,24,'d5146b1a-47c0-4386-88bc-b3523fce7581',27,'Doctor4 Doctor4',NULL),('f3e2c78a-ca60-4a91-a228-af2d188c3c59','2022-07-03 13:55:50','2022-07-03 13:55:50',1,5,'f76c9178-2a98-40d8-aa6c-01d5cc6ae093',28,'Doctor1 Doctor1',NULL),('fb2cd508-a08c-4fab-8320-edf4cfe50718','2022-07-03 13:55:50','2022-07-03 13:55:50',2,3,'b480f1eb-a929-4c00-b4ad-52babb4268d1',23,'Doctor2 Doctor2',NULL),('fdc120c7-cb00-44aa-8376-a64ac5dcaaaa','2022-07-03 13:55:50','2022-07-03 13:55:50',8,40,'d8a68ea7-0004-44f4-8c4b-1ae0e4523328',29,'Doctor8 Doctor8',NULL),('fed4c6c6-72e5-410e-9435-a9d11acd7571','2022-07-03 13:55:50','2022-07-03 13:55:50',4,28,'3aa2f1e3-27d4-44ad-8edd-e0871f4c1190',24,'Doctor4 Doctor4',NULL);
/*!40000 ALTER TABLE `prescriptions` ENABLE KEYS */;
UNLOCK TABLES;

--
-- Table structure for table `record_officers`
--

DROP TABLE IF EXISTS `record_officers`;
/*!40101 SET @saved_cs_client     = @@character_set_client */;
/*!50503 SET character_set_client = utf8mb4 */;
CREATE TABLE `record_officers` (
  `staff_id` int NOT NULL,
  `job_title` varchar(16) NOT NULL,
  `permissions` varchar(60) DEFAULT NULL,
  PRIMARY KEY (`staff_id`),
  KEY `permissions` (`permissions`),
  CONSTRAINT `record_officers_ibfk_1` FOREIGN KEY (`staff_id`) REFERENCES `staffs` (`staff_id`),
  CONSTRAINT `record_officers_ibfk_2` FOREIGN KEY (`permissions`) REFERENCES `permissions` (`id`)
) ENGINE=InnoDB DEFAULT CHARSET=utf8mb4 COLLATE=utf8mb4_0900_ai_ci;
/*!40101 SET character_set_client = @saved_cs_client */;

--
-- Dumping data for table `record_officers`
--

LOCK TABLES `record_officers` WRITE;
/*!40000 ALTER TABLE `record_officers` DISABLE KEYS */;
INSERT INTO `record_officers` VALUES (31,'RecordOfficer',NULL),(32,'RecordOfficer',NULL),(33,'RecordOfficer',NULL),(34,'RecordOfficer',NULL),(35,'RecordOfficer',NULL),(36,'RecordOfficer',NULL),(37,'RecordOfficer',NULL),(38,'RecordOfficer',NULL),(39,'RecordOfficer',NULL),(40,'RecordOfficer',NULL);
/*!40000 ALTER TABLE `record_officers` ENABLE KEYS */;
UNLOCK TABLES;

--
-- Table structure for table `staffs`
--

DROP TABLE IF EXISTS `staffs`;
/*!40101 SET @saved_cs_client     = @@character_set_client */;
/*!50503 SET character_set_client = utf8mb4 */;
CREATE TABLE `staffs` (
  `id` varchar(60) NOT NULL,
  `created_at` datetime NOT NULL DEFAULT CURRENT_TIMESTAMP,
  `updated_at` datetime NOT NULL DEFAULT CURRENT_TIMESTAMP,
  `first_name` varchar(128) DEFAULT NULL,
  `last_name` varchar(128) DEFAULT NULL,
  `gender` enum('Male','Female') DEFAULT NULL,
  `dob` date DEFAULT NULL,
  `marital_status` enum('Single','Married','Widowed','Divorced') DEFAULT NULL,
  `address` varchar(128) DEFAULT NULL,
  `phone_number` varchar(16) DEFAULT NULL,
  `next_of_kin` varchar(128) DEFAULT NULL,
  `kin_address` varchar(128) DEFAULT NULL,
  `staff_id` int NOT NULL AUTO_INCREMENT,
  `username` varchar(128) NOT NULL,
  `email` varchar(128) NOT NULL,
  `password` varchar(128) NOT NULL,
  `staff_type` varchar(16) NOT NULL,
  `created_by` int DEFAULT NULL,
  `updated_by` int DEFAULT NULL,
  PRIMARY KEY (`staff_id`,`id`),
  UNIQUE KEY `username` (`username`),
  UNIQUE KEY `email` (`email`),
  KEY `created_by` (`created_by`),
  KEY `updated_by` (`updated_by`),
  CONSTRAINT `staffs_ibfk_1` FOREIGN KEY (`created_by`) REFERENCES `staffs` (`staff_id`) ON DELETE SET NULL,
  CONSTRAINT `staffs_ibfk_2` FOREIGN KEY (`updated_by`) REFERENCES `staffs` (`staff_id`) ON DELETE SET NULL
) ENGINE=InnoDB AUTO_INCREMENT=41 DEFAULT CHARSET=utf8mb4 COLLATE=utf8mb4_0900_ai_ci;
/*!40101 SET character_set_client = @saved_cs_client */;

--
-- Dumping data for table `staffs`
--

LOCK TABLES `staffs` WRITE;
/*!40000 ALTER TABLE `staffs` DISABLE KEYS */;
INSERT INTO `staffs` VALUES ('b7766326-e425-443a-9f8a-b7cfa94ce925','2022-07-03 13:55:42','2022-07-03 13:55:42','Doctor1','Doctor1','Male','2015-06-25','Widowed','9, Nowhere, New Jersey','6479544776','kin1','9, Nowhere, New Jersey',1,'Doctor1','Doctor1@hmis.com','pbkdf2:sha256:260000$OeQk1omhhxaGM7kO$8f4c20c32d94e05b68f201b925868fc3af31cfe07e5262015a2c50d4a237ac30','doctor',NULL,NULL),('520c94ae-510c-454a-8c94-032898bbdb24','2022-07-03 13:55:42','2022-07-03 13:55:42','Doctor2','Doctor2','Female','1994-09-10','Divorced','7, Nowhere, New Jersey','6633517068','kin2','7, Nowhere, New Jersey',2,'Doctor2','Doctor2@hmis.com','pbkdf2:sha256:260000$EZgE2upBr75VzKzz$278c22e9fc006aacf066f50e02647a445deeafe3397f80761bbb50297c0fdafd','doctor',NULL,NULL),('48669055-2dd0-4ebf-bbee-cae60ea2966d','2022-07-03 13:55:42','2022-07-03 13:55:42','Doctor3','Doctor3','Female','2022-12-01','Widowed','2, Nowhere, New Jersey','6441843147','kin3','2, Nowhere, New Jersey',3,'Doctor3','Doctor3@hmis.com','pbkdf2:sha256:260000$VQ8InZmCiukdX4DB$1975dc84d2c608d16664f50bc983d05b93faa33163c2083b8485e430950e6a31','doctor',NULL,NULL),('7ed5b62f-eb49-4762-b216-e3b18caa9438','2022-07-03 13:55:42','2022-07-03 13:55:42','Doctor4','Doctor4','Male','2008-01-13','Single','3, Nowhere, New Jersey','7448999016','kin4','3, Nowhere, New Jersey',4,'Doctor4','Doctor4@hmis.com','pbkdf2:sha256:260000$t8jnB8JtWsLfkUoQ$b31bc2c364ac564725b223504d660c9ed7dc440bc0c367a0735b45e865f94bdf','doctor',NULL,NULL),('2fa65cf1-425f-420f-8c6c-6a074b790ee1','2022-07-03 13:55:43','2022-07-03 13:55:43','Doctor5','Doctor5','Female','2000-05-15','Married','18, Nowhere, New Jersey','8975926913','kin5','18, Nowhere, New Jersey',5,'Doctor5','Doctor5@hmis.com','pbkdf2:sha256:260000$l2j4tUPeaYm7AVI5$4b278243f4be68be676f2e1c7cae6aacbc1f394ddf54bc6a151dfe45c0720f45','doctor',NULL,NULL),('f16ad4b9-ecfa-489c-9e4c-4531bee4703b','2022-07-03 13:55:43','2022-07-03 13:55:43','Doctor6','Doctor6','Male','2014-05-17','Married','18, Nowhere, New Jersey','9888154097','kin6','18, Nowhere, New Jersey',6,'Doctor6','Doctor6@hmis.com','pbkdf2:sha256:260000$8n7gqJuvIkbu3Q3J$e6eef1c3ab5db9970fe57d8a70a454f26b215f304f6518166fe37c5c39cbc8f7','doctor',NULL,NULL),('242d4af5-b2f7-48b4-a3a4-6e2984e10b16','2022-07-03 13:55:43','2022-07-03 13:55:43','Doctor7','Doctor7','Male','2000-09-23','Married','12, Nowhere, New Jersey','8940806703','kin7','12, Nowhere, New Jersey',7,'Doctor7','Doctor7@hmis.com','pbkdf2:sha256:260000$IBeyx0v7M8GMkV1A$5f9d35d128aa901b5a093caed4fe913f8d3d497b602efc62079f5980d5e81880','doctor',NULL,NULL),('a1ecc18d-3932-4d52-930c-662876c46ed9','2022-07-03 13:55:43','2022-07-03 13:55:43','Doctor8','Doctor8','Male','2019-06-09','Widowed','10, Nowhere, New Jersey','9976992482','kin8','10, Nowhere, New Jersey',8,'Doctor8','Doctor8@hmis.com','pbkdf2:sha256:260000$Rwfrg9i3RVekdOYn$2abb77ba8c7b25f93c534d257381f50988ef08c666837558dd546f75837a0eff','doctor',NULL,NULL),('b270138d-d4e2-4e57-ae55-6863e1410512','2022-07-03 13:55:43','2022-07-03 13:55:43','Doctor9','Doctor9','Female','2019-02-06','Married','5, Nowhere, New Jersey','9587218560','kin9','5, Nowhere, New Jersey',9,'Doctor9','Doctor9@hmis.com','pbkdf2:sha256:260000$FUTd8kabkpbdK5vQ$3783941f543253d8d664857f5b5085af4505b6d207e06816d6a35c0844aafaea','doctor',NULL,NULL),('d792f4fa-616a-4155-be7b-2290e159a6ae','2022-07-03 13:55:44','2022-07-03 13:55:44','Doctor10','Doctor10','Male','1995-06-25','Divorced','15, Nowhere, New Jersey','9555782397','kin10','15, Nowhere, New Jersey',10,'Doctor10','Doctor10@hmis.com','pbkdf2:sha256:260000$G5UcoNEGEAOBfGhs$370ed24d08c0a7f54b3d085eb7e20f0933e77cebc4d79560af7c1a2cb97a9454','doctor',NULL,NULL),('396281e6-44a8-486b-b487-9bbc78751e22','2022-07-03 13:55:44','2022-07-03 13:55:44','Nurse1','Nurse1','Female','2021-11-22','Widowed','7, Nowhere, New Jersey','7530701010','kin1','7, Nowhere, New Jersey',11,'Nurse1','Nurse1@hmis.com','pbkdf2:sha256:260000$QkDobOYHEywnvrAz$dce74c07fbe844ffb336a2c242b82923444bd18484f6913531b3a4f01509d20a','nurse',NULL,NULL),('a2cd662a-4d24-4699-8bdc-86948b4a75e3','2022-07-03 13:55:44','2022-07-03 13:55:44','Nurse2','Nurse2','Male','2005-11-25','Single','19, Nowhere, New Jersey','6108233918','kin2','19, Nowhere, New Jersey',12,'Nurse2','Nurse2@hmis.com','pbkdf2:sha256:260000$M6b2EmPwS85Zwvx2$4477b119096c2c0835b827f62d88a46cc98f0669f1551e81bf2948817511b196','nurse',NULL,NULL),('100c0dd2-0e55-4ff8-bc5f-9f248b21614c','2022-07-03 13:55:44','2022-07-03 13:55:44','Nurse3','Nurse3','Male','2021-01-20','Married','15, Nowhere, New Jersey','8207163705','kin3','15, Nowhere, New Jersey',13,'Nurse3','Nurse3@hmis.com','pbkdf2:sha256:260000$X9P5oA2qDNGGIWqW$8931866baf5ac90a965717acd7f329fd42bbdd80ad89430ce310a95a9acb68ec','nurse',NULL,NULL),('c161009e-45b9-4337-acb3-f57881f6ec4e','2022-07-03 13:55:44','2022-07-03 13:55:44','Nurse4','Nurse4','Female','2018-02-12','Married','1, Nowhere, New Jersey','9345784182','kin4','1, Nowhere, New Jersey',14,'Nurse4','Nurse4@hmis.com','pbkdf2:sha256:260000$uwBNsp3q13FusZsP$19319d3ab58842853383736ec2b3c598f30a6f243e840296e85fc1cd2a56b0e1','nurse',NULL,NULL),('d5b33a88-ab81-42a5-90a3-c110a4d5bc22','2022-07-03 13:55:44','2022-07-03 13:55:44','Nurse5','Nurse5','Male','1995-10-05','Widowed','3, Nowhere, New Jersey','6312799159','kin5','3, Nowhere, New Jersey',15,'Nurse5','Nurse5@hmis.com','pbkdf2:sha256:260000$7XPk515H4be9Z8op$1dd4d7ebd80a965e08a4246bb4dacb5cd2476c28bec6d50324785eb4f190826d','nurse',NULL,NULL),('7a13c559-4fdb-4b4b-9a03-ec36b942c4e6','2022-07-03 13:55:45','2022-07-03 13:55:45','Nurse6','Nurse6','Male','1993-02-01','Divorced','12, Nowhere, New Jersey','6127792974','kin6','12, Nowhere, New Jersey',16,'Nurse6','Nurse6@hmis.com','pbkdf2:sha256:260000$ImdI0ZEfmAqMCPB1$5ca39dad75cc80c0cba39510920184b5d2e8a2994bb2b070bf7fd89b779bb70b','nurse',NULL,NULL),('482fc349-933c-4595-bcb1-e07a8008c544','2022-07-03 13:55:45','2022-07-03 13:55:45','Nurse7','Nurse7','Male','1998-05-12','Widowed','8, Nowhere, New Jersey','7789306418','kin7','8, Nowhere, New Jersey',17,'Nurse7','Nurse7@hmis.com','pbkdf2:sha256:260000$uLldMjrvvApIWrkW$3d65a1e5cd5b9ede68fcbc256dff786584207ea3aa08dc650172a5d617bcc29c','nurse',NULL,NULL),('958e2953-0c0a-4956-9633-63662cdb2d5c','2022-07-03 13:55:45','2022-07-03 13:55:45','Nurse8','Nurse8','Male','2001-02-16','Divorced','18, Nowhere, New Jersey','7661084813','kin8','18, Nowhere, New Jersey',18,'Nurse8','Nurse8@hmis.com','pbkdf2:sha256:260000$7O1LJemDqFu5rr3x$add9107235bfbcaafc399f8859f904482a2ee3a86676bdbc26223d53d6c5dbfc','nurse',NULL,NULL),('617ccb74-033f-465f-82d1-cd61c35b75cf','2022-07-03 13:55:45','2022-07-03 13:55:45','Nurse9','Nurse9','Male','2004-03-13','Single','7, Nowhere, New Jersey','7403984459','kin9','7, Nowhere, New Jersey',19,'Nurse9','Nurse9@hmis.com','pbkdf2:sha256:260000$lEqT5iQdNlyX3yN4$3bf594061208877fda7f91c7162e6ee2d72e14a28510300f660519e52de293fd','nurse',NULL,NULL),('b1d0b8b3-37ce-46c0-9ab6-80132ba7e87a','2022-07-03 13:55:45','2022-07-03 13:55:45','Nurse10','Nurse10','Male','1991-04-22','Divorced','15, Nowhere, New Jersey','7516875956','kin10','15, Nowhere, New Jersey',20,'Nurse10','Nurse10@hmis.com','pbkdf2:sha256:260000$Oxchr2Y1JtYMZ2f8$38ba9bf5eebe77e7bbbf412ed90555c27407fe663d9f0c3e1338721a17513f1a','nurse',NULL,NULL),('cabaaad2-f2c9-4860-98cc-fe6da4709787','2022-07-03 13:55:45','2022-07-03 13:55:45','Pharmacist1','Pharmacist1','Female','2015-10-27','Married','16, Nowhere, New Jersey','8373125043','kin1','16, Nowhere, New Jersey',21,'Pharmacist1','Pharmacist1@hmis.com','pbkdf2:sha256:260000$evTMtWv5OYwIdjdE$889eed118d57ac92d75ab8a6ca55f8643410c08e41c69bc5c00e28f5585cd43f','pharmacist',NULL,NULL),('90b79f19-86b6-4afb-a914-25b634d758ff','2022-07-03 13:55:46','2022-07-03 13:55:46','Pharmacist2','Pharmacist2','Female','1993-08-22','Single','9, Nowhere, New Jersey','8352898080','kin2','9, Nowhere, New Jersey',22,'Pharmacist2','Pharmacist2@hmis.com','pbkdf2:sha256:260000$gohSzES0Qou0rRCe$c6bb4fdb05d17032b64b35f66bf0722ad156457da6c9218beffc19587a1df20c','pharmacist',NULL,NULL),('32ff49a2-e06d-46fc-8c85-951b46c57407','2022-07-03 13:55:46','2022-07-03 13:55:46','Pharmacist3','Pharmacist3','Female','2022-09-07','Single','19, Nowhere, New Jersey','8855913470','kin3','19, Nowhere, New Jersey',23,'Pharmacist3','Pharmacist3@hmis.com','pbkdf2:sha256:260000$m5MpuFMR6xRLWnCc$d8183f347e2e4685001b9edd15bbf403f04354514e787a695feba9c5dcfc611d','pharmacist',NULL,NULL),('6a952317-169c-4e22-9808-ec903ba1c973','2022-07-03 13:55:46','2022-07-03 13:55:46','Pharmacist4','Pharmacist4','Female','2019-06-24','Single','19, Nowhere, New Jersey','7398003466','kin4','19, Nowhere, New Jersey',24,'Pharmacist4','Pharmacist4@hmis.com','pbkdf2:sha256:260000$kFvDKP9zwCirTtGN$a991d2f0dc4ed00236bf84efa9e962efc37b5f9042d71853e94c143d92719922','pharmacist',NULL,NULL),('001ba12e-207d-4852-a430-865125b2560e','2022-07-03 13:55:46','2022-07-03 13:55:46','Pharmacist5','Pharmacist5','Female','2013-10-17','Single','20, Nowhere, New Jersey','9754672785','kin5','20, Nowhere, New Jersey',25,'Pharmacist5','Pharmacist5@hmis.com','pbkdf2:sha256:260000$e06ixOhuOJ2W0i2t$d8c335baf9b4099c2143fcf6bfb62fb68b5b64dcb69d1f3c6d8dfdd09654e041','pharmacist',NULL,NULL),('3261c45c-6fee-4bfb-b4ee-2a01c72db1ee','2022-07-03 13:55:46','2022-07-03 13:55:46','Pharmacist6','Pharmacist6','Male','1998-07-11','Widowed','6, Nowhere, New Jersey','8805648133','kin6','6, Nowhere, New Jersey',26,'Pharmacist6','Pharmacist6@hmis.com','pbkdf2:sha256:260000$gini7m18o6KHViny$20a649ba0fdb06e50f1e19272615c7b1592d2a3e3c8c736434631289b5beb594','pharmacist',NULL,NULL),('8586f176-af56-42f0-b38d-19a2d546dcf7','2022-07-03 13:55:46','2022-07-03 13:55:46','Pharmacist7','Pharmacist7','Male','1998-04-07','Divorced','1, Nowhere, New Jersey','9728049215','kin7','1, Nowhere, New Jersey',27,'Pharmacist7','Pharmacist7@hmis.com','pbkdf2:sha256:260000$wDNOsuruFU5Q8k1K$48f67c8e80f7312e81158ed1d5ae3c90f534c5f51074f98915267805ac492f79','pharmacist',NULL,NULL),('cf045020-ee2a-4627-b92e-1c9b594cd59c','2022-07-03 13:55:47','2022-07-03 13:55:47','Pharmacist8','Pharmacist8','Female','2020-01-04','Divorced','13, Nowhere, New Jersey','8083529572','kin8','13, Nowhere, New Jersey',28,'Pharmacist8','Pharmacist8@hmis.com','pbkdf2:sha256:260000$AJwCWwNVRp2aNkAw$9d590e0d10df51887751b25e5902932b5440d0e828a55b546d4fecd81b441374','pharmacist',NULL,NULL),('0f140574-4e34-4775-b17d-84a2bc9b0a5e','2022-07-03 13:55:47','2022-07-03 13:55:47','Pharmacist9','Pharmacist9','Female','1991-04-07','Single','2, Nowhere, New Jersey','8196675573','kin9','2, Nowhere, New Jersey',29,'Pharmacist9','Pharmacist9@hmis.com','pbkdf2:sha256:260000$YDtFus8K5OVVfdHz$217c43954db75bb0c8d6dad23318a1dd9b8f2aa07dc7420b0f25db7dc4829752','pharmacist',NULL,NULL),('57d76064-700f-44e7-8fc4-ed1fb6a0b596','2022-07-03 13:55:47','2022-07-03 13:55:47','Pharmacist10','Pharmacist10','Male','1993-05-28','Widowed','3, Nowhere, New Jersey','9186905136','kin10','3, Nowhere, New Jersey',30,'Pharmacist10','Pharmacist10@hmis.com','pbkdf2:sha256:260000$U6jkrJhXPasAoVmx$2509bb1f4cf3b62198c8577c9c17c0a5ebcf67c3f09096ae3250a48d700a9824','pharmacist',NULL,NULL),('a90e5a6e-37a6-4f67-8b08-cb008518f917','2022-07-03 13:55:47','2022-07-03 13:55:47','RecordOfficer1','RecordOfficer1','Female','1994-10-02','Married','5, Nowhere, New Jersey','8403108361','kin1','5, Nowhere, New Jersey',31,'RecordOfficer1','RecordOfficer1@hmis.com','pbkdf2:sha256:260000$fPS3n6At0ZwdZIr8$454cd835815400971bd122baead270763be8171416fb7134cf524c480d372596','recordofficer',NULL,NULL),('c55f34f7-8a85-4b2f-9e43-774516927e0d','2022-07-03 13:55:47','2022-07-03 13:55:47','RecordOfficer2','RecordOfficer2','Female','1996-11-23','Single','20, Nowhere, New Jersey','8887453668','kin2','20, Nowhere, New Jersey',32,'RecordOfficer2','RecordOfficer2@hmis.com','pbkdf2:sha256:260000$cvWFzBmex6megeXq$8c534c759d535ba4729f6a87e88a760f0378d23170ad31087a7cfe3851a47ec7','recordofficer',NULL,NULL),('efc2f72b-5e82-4635-8c90-f5f3ea93d16c','2022-07-03 13:55:47','2022-07-03 13:55:47','RecordOfficer3','RecordOfficer3','Female','2000-03-28','Married','9, Nowhere, New Jersey','9009604147','kin3','9, Nowhere, New Jersey',33,'RecordOfficer3','RecordOfficer3@hmis.com','pbkdf2:sha256:260000$oevhJuy1xIQ1Gx3b$1c686f0ead8f4b07f91ef42fa9b14dcba78aaf6040f703b92c24af7525f0a7b8','recordofficer',NULL,NULL),('ccbc9d7b-dac2-47d4-9cbe-9f3ca3275b3e','2022-07-03 13:55:48','2022-07-03 13:55:48','RecordOfficer4','RecordOfficer4','Female','1991-09-21','Married','14, Nowhere, New Jersey','8003160606','kin4','14, Nowhere, New Jersey',34,'RecordOfficer4','RecordOfficer4@hmis.com','pbkdf2:sha256:260000$J5cUJVuULI67lZBh$51fc7ca3c3b6ea1086ccb0b84f5f87b9211f9b67dea10058131e0f6e52bb2578','recordofficer',NULL,NULL),('731287fb-7e9d-41ee-8f5d-3f618c4e303f','2022-07-03 13:55:48','2022-07-03 13:55:48','RecordOfficer5','RecordOfficer5','Male','1993-06-23','Divorced','18, Nowhere, New Jersey','7511907277','kin5','18, Nowhere, New Jersey',35,'RecordOfficer5','RecordOfficer5@hmis.com','pbkdf2:sha256:260000$29f5hEboOX5I6LHB$04ea8bb3da462b74611277f2ada4acb822066b92a777a3fdca37ce2516a7718a','recordofficer',NULL,NULL),('51c4353f-2746-4cde-af65-603e1426ed3d','2022-07-03 13:55:48','2022-07-03 13:55:48','RecordOfficer6','RecordOfficer6','Male','2002-01-06','Married','14, Nowhere, New Jersey','9317538964','kin6','14, Nowhere, New Jersey',36,'RecordOfficer6','RecordOfficer6@hmis.com','pbkdf2:sha256:260000$87jZ7U4byVBWzJ3L$31d3d39b72012969e0e7f41ad96f45f970dc1fe1c6c95f5efaf2bedd2946a5f2','recordofficer',NULL,NULL),('56e7232e-651f-4432-a57f-6f1226f62726','2022-07-03 13:55:48','2022-07-03 13:55:48','RecordOfficer7','RecordOfficer7','Male','1994-09-08','Single','16, Nowhere, New Jersey','7264392363','kin7','16, Nowhere, New Jersey',37,'RecordOfficer7','RecordOfficer7@hmis.com','pbkdf2:sha256:260000$CffqldK2u8LRS8oP$3c174bd343c34fff53016ac095948b37449661e929390a7f1a8a66ee2ca75d42','recordofficer',NULL,NULL),('47eed346-39b6-4d53-8998-978674c2a3a4','2022-07-03 13:55:48','2022-07-03 13:55:48','RecordOfficer8','RecordOfficer8','Male','2006-01-02','Widowed','19, Nowhere, New Jersey','8910206984','kin8','19, Nowhere, New Jersey',38,'RecordOfficer8','RecordOfficer8@hmis.com','pbkdf2:sha256:260000$zgYPxna9Bs74dOue$3ba722c259bd0f3407dfcebb73aa0b90744d5ff325002e8f4ab353d191a96eed','recordofficer',NULL,NULL),('3295c62c-cb2c-4533-8fed-4291e581c726','2022-07-03 13:55:48','2022-07-03 13:55:48','RecordOfficer9','RecordOfficer9','Male','1997-02-01','Widowed','16, Nowhere, New Jersey','9995012164','kin9','16, Nowhere, New Jersey',39,'RecordOfficer9','RecordOfficer9@hmis.com','pbkdf2:sha256:260000$SdEeokWuKldV8gX6$1a375d3d524e5dcb1cf95b6d753aa25710cd4c1288bb9e6ffbab799efcf589c3','recordofficer',NULL,NULL),('03fccbaa-196b-42e5-a77f-ae15ec254553','2022-07-03 13:55:49','2022-07-03 13:55:49','RecordOfficer10','RecordOfficer10','Female','2007-08-18','Widowed','12, Nowhere, New Jersey','9038214495','kin10','12, Nowhere, New Jersey',40,'RecordOfficer10','RecordOfficer10@hmis.com','pbkdf2:sha256:260000$gD5XcqBn4mYLmD4V$3e4f95e696c17a0fa5b7fd069095b27efec54eae43938e160898e846fa8dd3e6','recordofficer',NULL,NULL);
/*!40000 ALTER TABLE `staffs` ENABLE KEYS */;
UNLOCK TABLES;

--
-- Table structure for table `vitals`
--

DROP TABLE IF EXISTS `vitals`;
/*!40101 SET @saved_cs_client     = @@character_set_client */;
/*!50503 SET character_set_client = utf8mb4 */;
CREATE TABLE `vitals` (
  `id` varchar(60) NOT NULL,
  `created_at` datetime NOT NULL DEFAULT CURRENT_TIMESTAMP,
  `updated_at` datetime NOT NULL DEFAULT CURRENT_TIMESTAMP,
  `created_by` int DEFAULT NULL,
  `pid` int NOT NULL,
  `consultation_id` varchar(60) DEFAULT NULL,
  `pr` int DEFAULT NULL,
  `rr` int DEFAULT NULL,
  `sbp` int DEFAULT NULL,
  `dbp` int DEFAULT NULL,
  `temp` float DEFAULT NULL,
  `spo2` int DEFAULT NULL,
  `height` float DEFAULT NULL,
  `weight` float DEFAULT NULL,
  `nurse_name` varchar(128) DEFAULT NULL,
  `updated_by` int DEFAULT NULL,
  PRIMARY KEY (`id`),
  UNIQUE KEY `consultation_id` (`consultation_id`),
  KEY `created_by` (`created_by`),
  KEY `pid` (`pid`),
  KEY `updated_by` (`updated_by`),
  CONSTRAINT `vitals_ibfk_1` FOREIGN KEY (`created_by`) REFERENCES `nurses` (`staff_id`) ON DELETE SET NULL,
  CONSTRAINT `vitals_ibfk_2` FOREIGN KEY (`pid`) REFERENCES `patients` (`pid`) ON DELETE CASCADE,
  CONSTRAINT `vitals_ibfk_3` FOREIGN KEY (`consultation_id`) REFERENCES `consultations` (`id`) ON DELETE CASCADE,
  CONSTRAINT `vitals_ibfk_4` FOREIGN KEY (`updated_by`) REFERENCES `staffs` (`staff_id`) ON DELETE SET NULL
) ENGINE=InnoDB DEFAULT CHARSET=utf8mb4 COLLATE=utf8mb4_0900_ai_ci;
/*!40101 SET character_set_client = @saved_cs_client */;

--
-- Dumping data for table `vitals`
--

LOCK TABLES `vitals` WRITE;
/*!40000 ALTER TABLE `vitals` DISABLE KEYS */;
INSERT INTO `vitals` VALUES ('0606a460-2b0b-482d-a0cd-1d7ea97dcf74','2022-07-03 13:55:51','2022-07-03 13:55:51',19,8,'f297dfb4-f525-45d4-8806-22da58ccb1e6',96,25,139,81,37.1,88,1.6,75.7,'Nrs Nurse9 Nurse9',NULL),('07da1c6f-9562-4209-836a-3e95baa90e54','2022-07-03 13:55:51','2022-07-03 13:55:51',11,13,NULL,74,24,111,87,36.6,98,1.9,48.8,'Nrs Nurse1 Nurse1',NULL),('0d1920e9-fbbc-4b1b-80c7-3354dc83766f','2022-07-03 13:55:51','2022-07-03 13:55:51',12,13,NULL,73,19,104,82,36.8,86,1.9,55.1,'Nrs Nurse2 Nurse2',NULL),('11dbf123-cc0e-4435-bf8d-6b8eb8aecc45','2022-07-03 13:55:51','2022-07-03 13:55:51',14,47,NULL,74,20,107,84,36.6,80,1.5,67.1,'Nrs Nurse4 Nurse4',NULL),('13f2df44-b416-42ac-ac26-0bca9a1a69f3','2022-07-03 13:55:51','2022-07-03 13:55:51',11,9,'7800f0bd-244a-4854-816c-4d3d2bf0331d',80,15,128,79,36.8,96,1.8,50.7,'Nrs Nurse1 Nurse1',NULL),('15e14922-ebb5-44fb-b793-d8f6b7aa9465','2022-07-03 13:55:51','2022-07-03 13:55:51',14,38,'69b99bb3-af3e-4cb8-a46e-21976f7dc720',74,25,110,62,36.6,84,1.6,52.8,'Nrs Nurse4 Nurse4',NULL),('183a4d82-afb4-458f-8638-3b0935193e3f','2022-07-03 13:55:51','2022-07-03 13:55:51',17,23,'20fa271b-37ac-4dd7-bff7-c3919f76717a',81,20,129,72,36.6,83,1.5,58.7,'Nrs Nurse7 Nurse7',NULL),('19390b78-ff44-4d03-a8c7-faa29003f703','2022-07-03 13:55:51','2022-07-03 13:55:51',14,38,NULL,63,23,134,76,37.2,86,2,65.2,'Nrs Nurse4 Nurse4',NULL),('1c494c29-d0c9-4838-b7c6-9bd6eea8a9ef','2022-07-03 13:55:51','2022-07-03 13:55:51',18,12,'d8a68ea7-0004-44f4-8c4b-1ae0e4523328',76,19,129,80,37.1,95,1.8,45.2,'Nrs Nurse8 Nurse8',NULL),('1dbc63c0-6c4b-44fe-9f7e-4b0e1aa8ab6e','2022-07-03 13:55:51','2022-07-03 13:55:51',17,15,NULL,96,14,117,67,37.2,84,1.6,74.9,'Nrs Nurse7 Nurse7',NULL),('270db054-2608-474a-b7a4-4d6cc95ae07a','2022-07-03 13:55:51','2022-07-03 13:55:51',17,20,NULL,97,15,114,79,37.3,84,1.7,47.1,'Nrs Nurse7 Nurse7',NULL),('2e2890b6-e4fd-4dfe-8631-32138daeddc9','2022-07-03 13:55:51','2022-07-03 13:55:51',19,10,NULL,98,27,130,62,36.8,96,1.6,70.9,'Nrs Nurse9 Nurse9',NULL),('2ff983ac-b12d-4380-94cd-dc6c2b294ead','2022-07-03 13:55:52','2022-07-03 13:55:52',14,12,NULL,92,15,125,71,36.7,80,1.5,56,'Nrs Nurse4 Nurse4',NULL),('3d2ca909-c447-47d7-ba34-d84efc9e99aa','2022-07-03 13:55:52','2022-07-03 13:55:52',15,33,NULL,66,14,108,61,36.7,86,1.5,50.8,'Nrs Nurse5 Nurse5',NULL),('40fb5836-7680-4f2c-ad01-514ec2eb4462','2022-07-03 13:55:51','2022-07-03 13:55:51',19,7,NULL,99,22,102,88,37,87,1.6,73.4,'Nrs Nurse9 Nurse9',NULL),('42a2f6e3-6400-4f61-aebf-8335bb837836','2022-07-03 13:55:51','2022-07-03 13:55:51',13,42,NULL,72,18,139,69,37.3,87,1.6,75.7,'Nrs Nurse3 Nurse3',NULL),('43aff1fd-eebe-4533-bf99-13b5f60436f1','2022-07-03 13:55:51','2022-07-03 13:55:51',20,14,NULL,77,12,135,60,36.8,88,1.8,53.5,'Nrs Nurse10 Nurse10',NULL),('4d37e202-545b-4570-9466-7dc510de13a7','2022-07-03 13:55:52','2022-07-03 13:55:52',16,13,'16726f69-1607-4905-b628-518a767eec6d',95,24,111,85,37.2,90,1.8,67.3,'Nrs Nurse6 Nurse6',NULL),('4d6965ad-4009-43e6-a11b-7ec3c65e67dd','2022-07-03 13:55:52','2022-07-03 13:55:52',12,25,'81ce6448-58c4-4e5d-aa6d-351fa5828562',87,20,132,88,37,95,1.9,49.6,'Nrs Nurse2 Nurse2',NULL),('59e96a02-c135-410f-90c8-eb65d7666228','2022-07-03 13:55:51','2022-07-03 13:55:51',14,22,'d5146b1a-47c0-4386-88bc-b3523fce7581',77,20,112,73,36.5,92,1.7,66.7,'Nrs Nurse4 Nurse4',NULL),('5b38a598-1b0f-459c-b8a4-b3410d0cb7f9','2022-07-03 13:55:51','2022-07-03 13:55:51',13,9,NULL,60,26,103,74,37.2,98,1.5,58.8,'Nrs Nurse3 Nurse3',NULL),('60907d22-2b1d-4ce3-a69f-e711812791f6','2022-07-03 13:55:52','2022-07-03 13:55:52',14,8,NULL,87,28,112,61,37.2,83,1.7,77,'Nrs Nurse4 Nurse4',NULL),('64e90ae2-c4cd-4044-ae09-7ce2f210c35b','2022-07-03 13:55:51','2022-07-03 13:55:51',20,27,'8addb874-c8a2-4e7c-8ee9-0d2ed96191a6',91,19,132,82,37.3,80,1.8,62.5,'Nrs Nurse10 Nurse10',NULL),('68833ac5-8621-4d04-b408-995e0d395443','2022-07-03 13:55:51','2022-07-03 13:55:51',13,36,'76f6a23c-8b13-4c66-8cf2-f78f2c6dc2d2',99,12,128,87,36.8,83,1.7,77.8,'Nrs Nurse3 Nurse3',NULL),('6b4111e6-b320-4b72-bdbf-4da6872f9f2c','2022-07-03 13:55:51','2022-07-03 13:55:51',17,27,NULL,76,19,111,81,36.8,84,1.8,55.6,'Nrs Nurse7 Nurse7',NULL),('6e453a21-18e6-4fd6-b535-32388de5d117','2022-07-03 13:55:51','2022-07-03 13:55:51',20,18,NULL,62,15,119,87,37.4,82,1.8,79.7,'Nrs Nurse10 Nurse10',NULL),('7abf0a88-ed77-43cf-bdc9-7d06b2835f3c','2022-07-03 13:55:51','2022-07-03 13:55:51',18,5,'1a93b01b-6235-4ee7-a553-c370a6987c44',67,20,128,81,36.7,99,1.7,48,'Nrs Nurse8 Nurse8',NULL),('90a628e1-7655-420a-8e9d-db8f1c01bab5','2022-07-03 13:55:51','2022-07-03 13:55:51',14,36,NULL,90,23,101,77,37.4,92,2,73.1,'Nrs Nurse4 Nurse4',NULL),('9756a5d8-fa4f-4fd3-9194-48318f6c31d3','2022-07-03 13:55:52','2022-07-03 13:55:52',13,17,NULL,65,15,125,85,37,89,1.7,55.8,'Nrs Nurse3 Nurse3',NULL),('9c4efc15-065a-4efc-93ae-32e51e76b6aa','2022-07-03 13:55:51','2022-07-03 13:55:51',17,40,'86ec14bc-357f-480d-bdb7-f45bee9d1009',99,24,115,80,37.5,81,1.8,52.2,'Nrs Nurse7 Nurse7',NULL),('9d373767-d180-4365-8df0-abe6c0dd927f','2022-07-03 13:55:51','2022-07-03 13:55:51',11,31,'97009343-c646-4e36-a833-402898193818',99,19,125,63,36.7,80,1.7,52.9,'Nrs Nurse1 Nurse1',NULL),('9da6708b-b1a8-4396-acc0-7962d27e419a','2022-07-03 13:55:51','2022-07-03 13:55:51',14,8,NULL,70,18,110,60,37.3,83,1.7,72.8,'Nrs Nurse4 Nurse4',NULL),('a472e0ad-42e7-462f-9649-e83103360f92','2022-07-03 13:55:51','2022-07-03 13:55:51',13,31,'7714f697-7fbe-446b-9648-81537c4f674e',89,21,128,83,36.7,98,1.9,60.6,'Nrs Nurse3 Nurse3',NULL),('ab88554d-0547-443b-a1e0-c89ab41ee8de','2022-07-03 13:55:52','2022-07-03 13:55:52',15,33,NULL,94,24,109,75,36.6,86,1.5,62.7,'Nrs Nurse5 Nurse5',NULL),('ac772038-f0b4-420a-8b74-e8d78661cbad','2022-07-03 13:55:51','2022-07-03 13:55:51',17,35,'0c17df35-d8f4-4bd0-a840-7e29282943c3',98,21,117,84,37.2,89,1.9,49.8,'Nrs Nurse7 Nurse7',NULL),('ad8264e6-06f3-4804-a585-34ac48565158','2022-07-03 13:55:52','2022-07-03 13:55:52',17,41,'a6130bc0-1cf7-4920-b579-5d81adee162c',66,28,122,88,36.6,99,1.7,53.7,'Nrs Nurse7 Nurse7',NULL),('b97c5f4d-e6de-4a18-a5d9-f3101842564b','2022-07-03 13:55:52','2022-07-03 13:55:52',14,41,'7e4ba155-51a9-4b8d-b136-728150f7c272',78,24,137,89,37.2,86,1.7,57,'Nrs Nurse4 Nurse4',NULL),('bb0aff23-1ddf-46b0-acc3-43eb9ea6c531','2022-07-03 13:55:51','2022-07-03 13:55:51',17,25,'9725bcbc-6aef-4bdf-9066-4faf74b66de8',69,13,124,68,37.2,84,1.8,57.7,'Nrs Nurse7 Nurse7',NULL),('bb44f572-38cb-40d6-9cce-1abcac9d1dc2','2022-07-03 13:55:51','2022-07-03 13:55:51',17,4,NULL,68,17,118,76,36.8,93,1.8,53.2,'Nrs Nurse7 Nurse7',NULL),('c80db3fc-aaa1-487c-80bc-a7b0e9d5589f','2022-07-03 13:55:52','2022-07-03 13:55:52',14,26,NULL,98,23,139,86,36.5,97,1.5,49,'Nrs Nurse4 Nurse4',NULL),('cb855910-fdb5-4828-a319-f7a2cf130a8c','2022-07-03 13:55:51','2022-07-03 13:55:51',12,3,'f76c9178-2a98-40d8-aa6c-01d5cc6ae093',66,20,136,82,37,97,1.5,73.7,'Nrs Nurse2 Nurse2',NULL),('ccabb728-894d-402e-b054-95a8dbe92626','2022-07-03 13:55:51','2022-07-03 13:55:51',15,23,NULL,98,27,132,76,37.4,87,1.9,65.9,'Nrs Nurse5 Nurse5',NULL),('d7003f40-0be2-4a23-ae5d-2931e403d8d2','2022-07-03 13:55:51','2022-07-03 13:55:51',16,2,NULL,99,24,137,74,37.2,93,1.9,76.8,'Nrs Nurse6 Nurse6',NULL),('d704eadd-ec45-41c9-a321-1f1a6b045bfe','2022-07-03 13:55:51','2022-07-03 13:55:51',11,37,NULL,65,27,128,62,37,91,1.9,45.1,'Nrs Nurse1 Nurse1',NULL),('d7340f76-10f9-4da8-b959-20caa7da29fd','2022-07-03 13:55:51','2022-07-03 13:55:51',15,3,NULL,64,14,123,74,37.5,99,1.9,79.1,'Nrs Nurse5 Nurse5',NULL),('dbc56220-3442-4b8c-8fd4-305d6a6e3df9','2022-07-03 13:55:52','2022-07-03 13:55:52',14,33,'d4a3f0c3-ff71-4061-8946-38813458fb04',94,16,136,70,36.6,93,1.8,55.5,'Nrs Nurse4 Nurse4',NULL),('dbd988eb-cbf9-45f0-9593-f644a3e96479','2022-07-03 13:55:51','2022-07-03 13:55:51',20,6,NULL,83,27,105,75,37.1,93,1.8,57.2,'Nrs Nurse10 Nurse10',NULL),('e549e47e-f504-4580-bad7-5aad380fec8b','2022-07-03 13:55:51','2022-07-03 13:55:51',19,17,NULL,83,20,115,69,36.8,93,1.7,59.4,'Nrs Nurse9 Nurse9',NULL),('e727d994-c386-42e3-aa0b-0f708bcf8e72','2022-07-03 13:55:51','2022-07-03 13:55:51',12,30,'3aa2f1e3-27d4-44ad-8edd-e0871f4c1190',66,15,111,67,37.1,95,1.7,78.6,'Nrs Nurse2 Nurse2',NULL),('fa606f04-8ab8-4ed9-b0c5-c68353e088ff','2022-07-03 13:55:51','2022-07-03 13:55:51',12,2,'097fcf32-ef91-490b-9fe8-73b3a3fa29f0',74,28,114,73,36.8,96,1.9,77,'Nrs Nurse2 Nurse2',NULL);
/*!40000 ALTER TABLE `vitals` ENABLE KEYS */;
UNLOCK TABLES;
/*!40103 SET TIME_ZONE=@OLD_TIME_ZONE */;

/*!40101 SET SQL_MODE=@OLD_SQL_MODE */;
/*!40014 SET FOREIGN_KEY_CHECKS=@OLD_FOREIGN_KEY_CHECKS */;
/*!40014 SET UNIQUE_CHECKS=@OLD_UNIQUE_CHECKS */;
/*!40101 SET CHARACTER_SET_CLIENT=@OLD_CHARACTER_SET_CLIENT */;
/*!40101 SET CHARACTER_SET_RESULTS=@OLD_CHARACTER_SET_RESULTS */;
/*!40101 SET COLLATION_CONNECTION=@OLD_COLLATION_CONNECTION */;
/*!40111 SET SQL_NOTES=@OLD_SQL_NOTES */;

-- Dump completed on 2022-07-03 13:57:55
